駅名,乗降客数（日）,人口総数,男性人口,男性人口比率,0～14歳人口,15～64歳人口,65歳以上人口,昼間人口,世帯数,一人世帯数,一人世帯率,小売事業所数,小売業年間商品販売額,全産業事業所数,飲食店事業所数,生徒学生数,0～9歳人口(比率),10～19歳人口(比率),20～29歳人口(比率),30～39歳人口(比率),40～49歳人口(比率),50～59歳人口(比率),60～69歳人口(比率),70～79歳人口(比率),80歳以上人口(比率),買回り品(事業所数比率),最寄り品(事業所数比率),全産業従業者総数
2104,前空,"3,928","1,876",894,47.65,333,"1,153",379,"1,172",702,160,23,5,"1,594",35,4,109,11.21,12.39,7.77,13.83,14.8,11.58,14.32,8.53,5.58,60,40,324
2105,大野浦,"3,218","1,903",921,48.4,271,"1,163",464,"1,518",727,157,22,16,"116,141",99,4,0,9.33,8.96,10.17,13.96,12.01,13.01,14.75,9.75,8.06,37.5,31.25,720
2106,玖波,"3,688","2,554","1,142",44.71,240,"1,426",888,"2,501",904,258,29,33,"197,601",113,6,315,5.36,8.02,8.61,10.53,9.35,14.01,17.26,13.23,13.62,36.36,60.61,889
2107,大竹,"6,674","3,804","1,832",48.16,511,"2,389",896,"3,548","1,609",464,29,113,"1,101,620",364,18,38,8.56,9.96,9.38,12.04,14.7,13.15,15.2,10.33,6.67,51.33,36.28,"2,172"
2108,宮島口,"8,186","1,264",588,46.52,133,796,316,"1,256",600,222,37,30,"146,386",108,17,0,8.73,4.81,10.98,15.3,10.98,14.26,17.39,9.94,7.61,20,73.33,828
2109,宮島,"5,796",500,210,42,21,284,192,966,258,126,49,41,"142,960",106,20,9,2.82,6.85,9.48,7.66,7.86,15.52,19.96,16.53,13.31,51.22,43.9,787
2110,油木,2,21,9,42.86,3,6,15,20,10,3,30,0,0,1,0,0,12,0,0,4,4,8,24,24,24,0,0,2
2111,備後落合,52,33,16,48.48,3,22,18,22,12,2,17,0,0,4,0,0,4.65,9.3,4.65,4.65,4.65,23.26,9.3,13.95,25.58,0,0,5
2112,伊賀和志,10,28,13,46.43,0,9,21,34,14,6,43,0,0,2,0,0,0,3.45,3.45,0,10.34,6.9,27.59,24.14,24.14,0,0,10
2113,香淀,16,57,28,49.12,9,29,20,28,19,5,26,0,0,1,0,0,5.36,16.07,3.57,14.29,5.36,10.71,17.86,10.71,16.07,0,0,1
2114,式敷,16,62,26,41.94,5,32,29,39,22,6,27,0,0,1,0,0,4.55,9.09,1.52,4.55,12.12,13.64,19.7,16.67,18.18,0,0,1
2115,信木,2,24,12,50,2,11,16,25,12,3,25,0,0,1,0,0,7.14,0,3.57,7.14,3.57,14.29,21.43,14.29,28.57,0,0,7
2116,所木,2,37,18,48.65,3,19,30,31,16,5,31,0,0,1,0,0,3.7,1.85,1.85,7.41,1.85,9.26,24.07,16.67,33.33,0,0,5
2117,船佐,8,5,2,40,0,1,2,8,3,1,33,0,0,0,0,0,0,0,33.33,33.33,0,0,0,0,33.33,0,0,1
2119,粟屋,4,40,21,52.5,5,21,22,26,17,6,35,0,0,1,0,0,2.13,6.38,8.51,8.51,12.77,17.02,19.15,14.89,10.64,0,0,3
2120,尾関山,12,"1,550",698,45.03,184,787,576,"1,516",656,225,34,40,"130,270",132,7,207,7.94,7.49,6.46,10.52,10.14,11.49,15.75,14.01,16.2,45,45,680
2121,三次,"1,516","2,787","1,357",48.69,434,"1,758",563,"4,072","1,251",489,39,113,"1,246,579",404,33,194,11.68,8.53,9.18,16.44,13.32,13.64,11.21,9.25,6.75,62.83,30.97,"3,037"
2122,東城,18,"1,144",532,46.5,151,543,450,"1,760",454,139,31,48,"255,473",159,6,260,8.14,7.96,5.86,9.54,10.06,12.42,13.56,15.57,16.89,50,37.5,977
2123,備後八幡,16,66,27,40.91,5,31,29,82,28,8,29,2,0,3,0,0,4.62,3.08,4.62,7.69,6.15,13.85,21.54,21.54,16.92,0,100,39
2124,内名,2,15,5,33.33,3,5,10,16,6,3,50,0,0,0,0,0,12.5,6.25,0,0,18.75,6.25,12.5,37.5,6.25,0,0,0
2125,小奴可,2,173,76,43.93,15,75,86,233,77,28,36,3,12,25,0,17,5,5.56,2.22,8.33,6.11,13.33,21.67,20.56,17.22,33.33,33.33,108
2126,道後山,2,15,7,46.67,0,3,11,18,8,3,38,0,0,2,0,0,0,0,0,0,0,0,42.86,21.43,35.71,0,0,2
2127,備後落合,30,33,16,48.48,3,22,18,22,12,2,17,0,0,4,0,0,4.65,9.3,4.65,4.65,4.65,23.26,9.3,13.95,25.58,0,0,5
2128,比婆山,2,112,59,52.68,19,60,33,78,37,6,16,1,0,2,0,0,14.41,4.5,3.6,18.02,4.5,14.41,15.32,9.91,15.32,0,100,14
2129,備後西城,64,489,228,46.63,53,236,200,783,192,57,30,21,"122,896",62,2,51,6.52,9.78,7.54,7.13,8.76,12.63,12.63,18.94,16.09,38.1,47.62,484
2130,平子,6,92,46,50,7,49,35,50,32,9,28,0,0,1,0,0,5.49,5.49,6.59,7.69,8.79,21.98,7.69,21.98,14.29,0,0,1
2131,高,2,188,89,47.34,23,81,83,214,60,9,15,3,0,20,0,0,5.32,9.04,3.72,8.51,7.45,14.36,15.43,19.15,17.02,33.33,66.67,115
2132,備後庄原,220,"1,571",747,47.55,188,888,492,"2,119",703,296,42,56,"227,303",221,16,0,7.16,10.61,10.93,10.03,10.93,12.27,13.04,13.48,11.57,55.36,37.5,"1,573"
2133,備後三日市,10,668,315,47.16,96,380,183,704,284,128,45,8,"93,092",38,2,181,10.32,9.56,11.68,13.2,9.56,9.56,14.26,10.47,11.38,50,25,271
2134,七塚,2,221,101,45.7,25,122,73,194,85,31,36,3,"1,999",15,0,0,8.14,6.33,7.24,10.86,12.67,14.93,12.67,14.93,12.22,33.33,66.67,73
2135,山ノ内,2,192,87,45.31,18,110,64,134,64,12,19,7,"76,053",7,1,0,6.25,5.73,6.25,12.5,7.81,20.31,15.1,10.42,15.63,42.86,28.57,32
2136,下和知,6,184,78,42.39,15,87,88,248,62,19,31,1,0,9,0,43,5.29,6.35,5.82,6.35,8.47,11.64,14.81,13.76,27.51,100,0,119
2137,塩町,300,361,169,46.81,35,205,121,"1,003",141,37,26,10,"70,676",29,4,518,5.82,11.08,4.16,9.7,13.3,13.57,17.45,11.63,13.3,50,50,333
2138,神杉,16,293,136,46.42,53,163,83,173,99,21,21,2,"12,107",13,1,0,10.63,10.3,6.64,10.96,12.96,13.95,12.29,13.95,8.31,50,50,72
2139,八次,212,"1,464",672,45.9,208,860,390,"1,142",597,192,32,17,"272,152",65,6,110,9.2,9.88,8.99,13.45,12.56,12.42,12.7,10.3,10.5,58.82,17.65,507
2140,三次,"1,170","2,787","1,357",48.69,434,"1,758",563,"4,072","1,251",489,39,113,"1,246,579",404,33,194,11.68,8.53,9.18,16.44,13.32,13.64,11.21,9.25,6.75,62.83,30.97,"3,037"
2141,西三次,16,894,424,47.43,156,576,151,701,376,122,32,7,"129,033",48,2,1,11.19,11.3,9.6,15.71,12.54,14.46,13.33,6.78,5.08,14.29,28.57,462
2142,志和地,98,233,107,45.92,25,125,84,208,86,11,13,9,"77,143",22,0,0,8.12,5.13,8.97,10.26,7.69,15.38,19.66,11.97,12.82,44.44,55.56,123
2143,上川立,52,202,86,42.57,23,98,81,189,71,12,17,2,0,7,0,24,6.93,6.44,3.96,9.41,7.92,14.36,18.81,16.34,15.84,0,100,52
2144,甲立,404,805,379,47.08,101,444,260,894,309,71,23,17,"78,817",75,5,188,8.06,9.18,7.69,11.04,10.79,13.15,15.14,13.9,11.04,64.71,23.53,387
2145,吉田口,122,356,153,42.98,40,167,148,308,120,25,21,3,"4,004",7,0,49,7.84,7.56,6.44,9.8,7.56,11.48,14.29,15.97,19.05,33.33,66.67,68
2146,向原,654,751,347,46.21,82,408,263,923,305,81,27,28,"142,935",88,6,80,7.02,8.21,8.08,10.2,9.14,13.77,18.15,14.57,10.86,50,35.71,554
2147,井原市,204,374,168,44.92,39,195,142,342,152,41,27,6,"9,852",20,0,43,6.13,8.8,4.53,8,10.4,13.07,21.33,17.33,10.4,50,66.67,112
2148,志和口,828,781,367,46.99,86,478,218,"1,044",317,79,25,6,"25,677",36,1,493,6.79,8.85,9.1,9.62,11.79,17.44,16.03,12.44,7.95,0,83.33,250
2149,上三田,192,382,171,44.76,30,225,126,394,158,42,27,0,0,11,0,0,4.45,6.54,11.78,6.81,11.26,17.28,18.06,13.87,9.95,0,0,243
2150,中三田,320,316,157,49.68,37,181,105,405,118,21,18,2,0,15,0,196,7.48,6.85,6.23,9.97,9.97,12.15,25.23,13.08,9.03,50,50,74
2151,白木山,308,332,167,50.3,42,210,80,217,121,18,15,2,0,20,2,0,6.95,10.88,7.85,9.06,15.71,13.6,19.94,10.27,5.74,0,50,92
2152,狩留家,420,635,309,48.66,65,407,166,284,235,37,16,1,0,12,1,0,5.01,10.49,8.76,8.92,13.46,16.43,19.72,11.58,5.63,0,100,60
2153,上深川,656,634,316,49.84,91,440,101,874,258,76,29,6,"45,653",51,1,39,9.67,10.46,11.25,15.06,15.53,15.06,11.89,6.34,4.75,0,50,629
2154,中深川,776,"2,409","1,118",46.41,320,"1,420",664,"2,492",907,194,21,15,"142,816",79,5,695,8.16,9.83,7.62,11.95,12.36,12.66,17.78,9.58,10.07,46.67,46.67,852
2155,下深川,"3,324","3,137","1,436",45.78,567,"1,962",613,"1,665","1,187",229,19,8,"322,641",49,2,154,11.2,12.32,10.53,15.05,11.68,11.46,15.18,8.5,4.07,25,62.5,425
2156,玖村,"2,066","2,712","1,319",48.64,419,"1,832",441,"2,667","1,074",313,29,24,"144,726",99,10,847,10.17,12.03,11.36,15.6,14.44,12.63,12.63,6.94,4.2,16.67,54.17,852
2157,安芸矢口,"4,010","3,909","1,853",47.4,697,"2,605",601,"2,423","1,412",253,18,26,"486,111",108,9,433,10.81,13.55,9.42,14.78,17.11,12.96,10.63,6.71,4.05,46.15,38.46,803
2158,戸坂,"3,098","3,357","1,589",47.33,508,"2,153",678,"2,080","1,360",358,26,19,"137,742",85,6,184,9.02,11.99,9.29,13.75,14.29,13.46,14.17,8.33,5.69,47.37,36.84,737
2159,矢賀,"1,712","5,489","2,668",48.61,760,"3,606","1,108","5,303","2,476",920,37,63,"1,283,211",217,26,551,9.59,8.53,11.89,18.4,13.6,10.32,13.55,8.67,5.46,55.56,31.75,"2,771"
2160,広島,"140,768","6,609","3,017",45.65,506,"4,227","1,588","19,042","3,730","2,284",61,275,"4,077,038","1,369",161,404,5.57,6.45,13.81,14.11,12.75,13.51,14.87,10.27,8.65,51.27,46.91,"16,614"
2161,福山,"40,022","4,596","2,172",47.26,517,"2,761","1,038","11,746","2,258","1,045",46,317,"3,648,218","1,109",118,790,7.95,8.15,7.81,14.11,16.12,13.81,14.15,10.08,7.83,75.39,22.4,"9,736"
2162,備後本庄,750,"3,557","1,661",46.7,458,"2,198",842,"2,334","1,522",514,34,10,"78,519",120,8,132,8.43,10.09,10.8,13.86,11.86,12.83,15.52,10.83,5.77,70,30,878
2163,横尾,"1,764","1,964",921,46.89,273,"1,105",542,"2,149",751,201,27,14,"75,569",79,2,756,9.01,9.79,7.24,13.59,11.45,12.44,16.09,11.97,8.43,57.14,21.43,652
2164,神辺,"2,662","2,614","1,232",47.13,287,"1,528",773,"2,609","1,046",318,30,62,"345,925",171,10,194,7.04,9.35,9.7,11.4,11.36,13.41,15.19,13.41,9.12,62.9,29.03,"1,397"
2165,湯田村,"1,438","1,955",954,48.8,300,"1,185",422,"1,495",759,219,29,21,"367,781",77,5,272,10.54,11.01,9.7,15.99,11.64,11.27,14.26,9.6,5.98,28.57,47.62,550
2166,道上,"1,328","2,824","1,355",47.98,469,"1,762",541,"1,334","1,048",256,24,20,"111,360",82,10,0,11.79,10.78,10.46,16.44,11.76,12.08,13.31,8.58,4.8,45,40,433
2167,万能倉,"1,348","2,766","1,314",47.51,425,"1,725",566,"1,512","1,070",343,32,16,"39,690",90,4,69,10.42,9.46,11.34,15.21,11.49,13.44,14.25,8.69,5.71,56.25,31.25,506
2168,駅家,"1,412","3,133","1,521",48.55,582,"1,909",612,"3,312","1,091",226,21,37,"283,499",167,10,833,12.11,11.14,10.02,16.84,12.21,11.14,12.3,8.86,5.38,51.35,40.54,"1,423"
2169,近田,420,"1,829",881,48.17,265,"1,143",410,"1,205",644,118,18,16,"267,511",74,5,151,9.86,8.76,11.13,13.61,11.46,14.16,14.77,10.47,5.79,37.5,43.75,434
2170,戸手,594,"1,695",771,45.49,223,"1,050",407,955,593,106,18,6,"3,150",41,4,0,8.81,8.51,9.58,13.93,9.94,13.63,18.93,9.64,7.02,33.33,33.33,315
2171,上戸手,948,"1,730",798,46.13,210,979,530,"1,851",629,163,26,40,"287,949",134,10,0,7.62,8.6,8.43,11.74,10.93,12.73,17.38,13.02,9.53,47.5,35,"1,130"
2172,新市,918,"1,651",772,46.76,202,932,514,"2,403",609,139,23,69,"629,786",207,10,283,8.12,8.67,7.15,12.24,10.85,13.03,16.61,14.18,9.15,49.28,36.23,"1,429"
2173,高木,468,"2,265","1,095",48.34,318,"1,377",569,"2,766",843,204,24,35,"413,745",211,8,164,9.18,9.36,8.78,14.21,13.28,12.58,14.43,10.24,7.94,40,34.29,"1,793"
2174,鵜飼,600,"2,622","1,251",47.71,389,"1,527",704,"3,625",965,255,26,72,"910,271",313,28,68,9.36,9.43,7.37,12.87,14.02,12.49,14.74,12.03,7.68,43.06,37.5,"2,559"
2175,府中,"1,770","2,575","1,199",46.56,257,"1,380",934,"4,111","1,019",300,29,143,"785,201",444,40,13,5.8,7.82,6.03,10.04,11.21,14.17,17.17,16.27,11.48,61.54,31.47,"2,960"
2176,下川辺,50,820,385,46.95,106,481,233,879,277,45,16,7,"22,157",48,1,291,8.4,8.77,8.65,11.69,10.6,14.37,16.57,12.06,8.89,42.86,42.86,262
2177,中畑,26,48,22,45.83,1,25,14,27,17,3,18,0,0,1,0,0,2.33,13.95,9.3,2.33,9.3,16.28,18.6,18.6,9.3,0,0,4
2178,河佐,58,533,271,50.84,41,322,181,404,184,33,18,1,0,22,0,26,3.31,9.56,5.15,10.66,11.76,13.97,21.14,16.36,8.09,0,100,132
2179,備後三川,44,241,108,44.81,30,128,88,260,85,18,21,0,0,16,1,53,7.72,6.91,4.07,10.16,8.13,16.67,17.48,14.23,14.63,0,0,89
2180,備後矢野,28,156,78,50,20,94,48,120,52,7,13,1,0,5,1,21,6.71,10.37,7.93,7.93,11.59,17.07,14.02,13.41,10.98,0,0,20
2181,上下,146,690,308,44.64,51,338,301,"1,107",294,92,31,48,"281,243",125,6,105,4.78,5.35,4.49,8.1,7.81,16.21,16.93,17.51,18.81,52.08,33.33,684
2182,甲奴,48,360,166,46.11,50,163,147,406,146,44,30,11,"22,866",48,3,0,9.14,8.03,5.26,9.97,8.86,10.25,13.3,17.17,18.01,63.64,27.27,229
2183,梶田,18,125,61,48.8,17,67,45,78,42,8,19,1,0,2,0,0,10,6.15,4.62,10.77,7.69,13.08,18.46,13.85,15.38,0,100,15
2184,備後安田,38,176,86,48.86,14,88,75,138,65,15,23,3,"1,183",12,0,7,5.06,6.74,4.49,6.74,10.11,14.61,14.61,19.1,18.54,0,100,34
2185,吉舎,314,274,135,49.27,27,144,105,471,127,50,39,16,"55,511",41,0,143,5.42,7.94,9.03,7.94,11.91,11.19,19.86,16.25,10.47,43.75,25,219
2186,三良坂,80,706,332,47.03,104,388,213,849,286,85,30,47,"153,541",106,6,87,9.65,8.79,5.39,11.63,10.07,14.47,17.16,12.48,10.35,42.55,44.68,516
2187,塩町,524,361,169,46.81,35,205,121,"1,003",141,37,26,10,"70,676",29,4,518,5.82,11.08,4.16,9.7,13.3,13.57,17.45,11.63,13.3,50,50,333
2188,神杉,16,293,136,46.42,53,163,83,173,99,21,21,2,"12,107",13,1,0,10.63,10.3,6.64,10.96,12.96,13.95,12.29,13.95,8.31,50,50,72
2189,八次,212,"1,464",672,45.9,208,860,390,"1,142",597,192,32,17,"272,152",65,6,110,9.2,9.88,8.99,13.45,12.56,12.42,12.7,10.3,10.5,58.82,17.65,507
2190,三次,"1,170","2,787","1,357",48.69,434,"1,758",563,"4,072","1,251",489,39,113,"1,246,579",404,33,194,11.68,8.53,9.18,16.44,13.32,13.64,11.21,9.25,6.75,62.83,30.97,"3,037"
2191,糸崎,"2,492","1,455",683,46.94,134,791,529,"2,158",613,184,30,22,"101,327",82,5,172,5.91,7.08,8.25,9.83,10.45,12.52,18.43,15.68,11.83,22.73,63.64,"1,260"
2192,三原,"13,690","3,731","1,708",45.78,517,"2,067","1,111","7,402","1,579",553,35,152,"1,432,069",661,70,"1,124",8.69,8.72,6.15,13.48,13.08,12.21,13.94,10.88,12.86,65.79,30.26,"4,951"
2193,須波,188,741,353,47.64,71,394,276,448,320,89,28,2,0,15,1,32,5.66,6.33,6.2,8.89,9.84,14.02,22.64,14.69,11.73,0,100,42
2194,安芸幸崎,568,608,360,59.21,44,394,168,"2,274",347,201,58,8,"14,896",92,2,265,4.13,6.12,10.58,11.24,13.22,16.86,16.2,12.4,9.26,25,62.5,"1,785"
2195,忠海,"1,120","1,431",633,44.23,129,711,588,"1,849",613,188,31,44,"169,329",128,9,63,4.2,7.99,5.68,7.5,10.02,14.16,18.5,16.26,15.7,36.36,56.82,"1,010"
2196,安芸長浜,264,446,246,55.16,59,292,101,488,212,97,46,2,0,13,1,0,9.71,6.84,9.05,16.78,12.36,16.78,14.35,8.61,5.52,0,50,306
2197,大乗,364,821,385,46.89,116,513,193,748,305,47,15,5,"10,265",26,2,158,8.4,10.84,7.06,13.4,11.81,14.86,16.69,10.72,6.21,40,60,252
2198,竹原,"1,922","1,424",674,47.33,165,800,450,"2,838",633,237,37,99,"844,747",342,38,27,6.64,8.9,6.71,8.83,13.85,13.43,17.95,13.43,10.25,51.52,40.4,"2,243"
2199,吉名,326,936,445,47.54,103,522,310,854,381,89,23,16,"41,574",62,2,151,7.59,7.27,6.42,11.34,10.27,13.58,18.4,15.83,9.3,62.5,37.5,310
2200,安芸津,886,"1,373",619,45.08,120,749,501,"1,951",567,163,29,54,"279,823",178,13,0,5.17,7.73,7,9.26,10.71,12.97,19.17,15.96,12.03,46.3,46.3,"1,283"
2201,風早,422,440,221,50.23,37,250,153,289,181,42,23,4,"3,462",19,2,29,5.22,7.48,7.03,6.8,12.7,14.97,20.41,15.42,9.98,0,100,63
2202,安浦,"1,502","1,470",664,45.17,183,856,429,"1,764",573,139,24,35,"265,403",131,7,392,8.45,8.52,8.59,13.02,10.02,13.57,16.22,12,9.61,42.86,45.71,787
2203,安登,968,909,406,44.66,93,461,355,881,306,54,18,11,"41,331",46,2,206,6.05,8.8,5.5,9.13,11.55,9.02,20.68,13.53,15.73,18.18,72.73,233
2204,安芸川尻,"1,900","2,251","1,087",48.29,273,"1,317",661,"1,906",895,211,24,33,"120,855",125,3,270,7.42,9.38,8.13,11.11,10.27,14.53,18.58,11.56,9.02,36.36,54.55,666
2205,仁方,"1,282","2,640","1,242",47.05,281,"1,574",785,"2,732","1,079",271,25,50,"344,843",156,8,650,6.44,9.58,8.14,9.77,11.52,14.77,18.33,12.61,8.83,44,50,971
2206,広,"7,468","3,776","1,934",51.22,751,"2,523",495,"4,557","1,585",535,34,37,"885,252",177,17,"1,162",13.54,11.15,12.48,19.59,14.81,9.58,9.93,5.95,2.97,48.65,37.84,"2,153"
2207,新広,"7,284","3,869","1,839",47.53,721,"2,723",423,"5,582","1,646",603,37,44,"447,368",227,20,"1,310",12.34,12.26,15.88,17.74,14.38,10.73,9.46,4.84,2.38,29.55,45.45,"3,285"
2208,安芸阿賀,"5,174","4,509","2,125",47.13,669,"2,792","1,039","4,634","1,844",578,31,63,"473,284",214,18,"1,460",9.36,13.02,9.76,13.36,13.33,11.24,12.67,10.42,6.84,39.68,53.97,"1,470"
2209,呉,"22,958","4,277","1,861",43.51,559,"2,645","1,073","13,166","1,891",714,38,194,"4,049,336",724,88,135,8.72,8.39,11.69,13.16,12.88,12.6,13.72,9.89,8.93,60.31,25.77,"11,603"
2210,川原石,"1,244","3,167","1,462",46.16,272,"1,804","1,095","4,103","1,455",491,34,67,"384,409",281,14,309,5.42,6.46,8.76,10.27,10.84,14.06,18.25,14.69,11.25,55.22,34.33,"2,346"
2211,吉浦,"2,786","3,030","1,408",46.47,415,"1,653",956,"2,829","1,295",380,29,66,"280,944",195,15,505,7.74,10.15,6.18,12.3,12.73,10.98,16.44,14.15,9.33,53.03,42.42,961
2212,かるが浜,534,313,137,43.77,59,153,98,530,105,20,19,2,0,9,0,282,13.87,8.06,7.1,17.1,10.65,8.06,7.1,10.32,17.74,0,0,147
2213,天応,"1,448","1,229",577,46.95,118,716,395,743,515,135,26,7,"18,936",25,3,27,6.35,8.14,7.57,10.83,12.13,12.05,19.54,14.98,8.39,42.86,42.86,136
2214,呉ポートピア,"1,848",710,330,46.48,105,409,196,761,283,71,25,1,301,25,1,190,10.01,10.72,4.8,12.98,13.4,10.44,18.34,12.13,7.19,100,100,246
2215,小屋浦,"1,002","1,192",573,48.07,141,665,386,"1,040",481,107,22,11,"48,651",36,4,104,6.8,9.73,7.05,11.66,11.07,11.91,18.71,13.59,9.48,27.27,45.45,365
2216,水尻,160,49,21,42.86,4,30,18,27,19,6,32,0,0,1,0,0,1.89,11.32,5.66,9.43,15.09,13.21,15.09,20.75,7.55,0,0,6
2217,坂,"6,378","2,591","1,273",49.13,467,"1,653",471,"2,898","1,022",289,28,28,"746,426",119,19,676,12.55,10.69,11.66,17.1,13.44,9.96,11.74,7.45,5.41,42.86,39.29,"1,323"
2218,矢野,"15,924","5,264","2,660",50.53,791,"3,560",887,"4,302","2,248",809,36,63,"614,193",248,17,925,10.02,10.77,13.55,16.21,15.58,10.52,11.72,6.95,4.7,36.51,52.38,"1,703"
2219,海田市,"18,652","4,508","2,130",47.25,520,"2,933","1,040","6,439","1,967",662,34,88,"848,887",407,39,"1,426",7.17,9.75,12.19,13.48,13.22,12.93,14.53,9.95,6.79,46.59,44.32,"3,342"
2220,向洋,"20,232","5,083","2,490",48.99,669,"3,408",998,"12,199","2,188",720,33,58,"509,668",227,29,374,7.92,10.88,10.23,13.08,15.55,14.21,14.86,8.06,5.22,41.38,50,"10,003"
2221,天神川,"18,758","4,559","2,309",50.65,712,"3,104",703,"7,456","2,094",857,41,99,"2,409,901",399,43,388,11.09,9.14,11,17.99,16.95,11.66,11.82,6.75,3.59,65.66,22.22,"5,775"
2222,広島,"144,080","6,609","3,017",45.65,506,"4,227","1,588","19,042","3,730","2,284",61,275,"4,077,038","1,369",161,404,5.57,6.45,13.81,14.11,12.75,13.51,14.87,10.27,8.65,51.27,46.91,"16,614"
2223,広島,"144,080","6,609","3,017",45.65,506,"4,227","1,588","19,042","3,730","2,284",61,275,"4,077,038","1,369",161,404,5.57,6.45,13.81,14.11,12.75,13.51,14.87,10.27,8.65,51.27,46.91,"16,614"
2224,横川,"33,428","9,557","4,274",44.72,694,"6,690","1,684","10,226","6,131","4,211",69,153,"1,430,927",927,98,"1,123",5.07,6.58,19.21,18.27,13.41,11.82,12.26,8.11,5.26,53.59,38.56,"6,783"
2225,三滝,"1,014","4,103","1,915",46.67,432,"2,730",842,"2,402","2,057","1,025",50,21,"246,425",145,8,0,7.32,7.44,12.78,16.7,13.73,12.86,13.56,8.44,7.17,42.86,47.62,"1,230"
2226,安芸長束,"5,290","7,175","3,541",49.35,982,"4,771","1,279","4,800","3,402","1,432",42,42,"582,656",267,16,442,9.56,9.09,12.46,17.99,13.58,11.58,13.33,8.45,3.95,42.86,38.1,"1,961"
2227,下祗園,"9,860","7,569","3,900",51.53,"1,286","5,106",950,"6,704","3,600","1,705",47,64,"1,114,689",385,31,274,12.3,10.68,14.56,20.02,15.12,9.37,8.91,5.8,3.23,50,40.63,"4,341"
2228,古市橋,"3,634","7,065","3,622",51.27,"1,061","4,678","1,102","4,481","3,389","1,545",46,47,"661,519",246,18,94,10.88,10.26,13.87,18.94,14.18,10.13,10.71,6.9,4.12,48.94,34.04,"2,201"
2229,大町,"11,460","6,470","3,127",48.33,"1,068","4,413",908,"4,697","2,921","1,119",38,41,"864,064",229,19,201,11.86,9.59,12.47,20.61,14.69,10.77,10.47,6.37,3.18,36.59,41.46,"2,429"
2230,緑井,"5,148","6,023","2,882",47.85,"1,084","3,978",899,"5,396","2,439",706,29,78,"2,027,165",318,32,520,12.18,11.11,10.28,17.75,15.99,11.69,10.84,6.66,3.51,53.85,33.33,"2,919"
2231,七軒茶屋,"1,518","5,240","2,523",48.15,953,"3,367",883,"3,083","2,003",501,25,28,"707,822",144,12,0,12.42,11.13,10.19,17.9,15.24,10.44,10.69,7.55,4.44,42.86,35.71,"1,386"
2232,梅林,"2,276","3,771","1,847",48.98,731,"2,463",568,"3,563","1,460",343,23,45,"1,758,277",151,12,599,12.55,12.6,10.93,17.76,15.47,9.91,10.61,6.73,3.46,40,26.67,"1,646"
2233,上八木,"1,064","3,467","1,666",48.05,614,"2,257",582,"2,494","1,326",320,24,13,"152,563",79,4,767,11.23,11.9,11.58,15.48,13,11.95,14.5,6.54,3.82,23.08,53.85,527
2234,中島,"1,124","1,965",958,48.75,295,"1,343",325,"2,209",836,308,37,13,"161,087",87,5,372,9.37,10.8,13.75,16.45,13.14,12.43,12.74,6.78,4.53,15.38,53.85,"1,267"
2235,可部,"6,966","2,716","1,285",47.31,410,"1,697",599,"2,278","1,160",391,34,27,"156,799",145,13,0,10.16,9.83,10.97,15,12.63,10.93,14,10.34,6.13,40.74,55.56,"1,281"
2257,高松築港,"10,824","2,882","1,427",49.51,290,"1,742",675,"12,594","1,526",763,50,98,"2,143,992",748,79,812,7.87,6.1,7.17,13.71,15.71,16.04,14.56,10.2,8.65,60.2,34.69,"10,937"
2258,片原町,"4,886","4,442","2,060",46.38,300,"2,371","1,454","14,180","2,463","1,329",54,265,"4,078,001","1,576",216,535,4.58,5.26,7.52,10.81,12.22,14.76,16.99,15.85,12,72.45,25.66,"12,079"
2260,栗林公園,"2,740","7,515","3,602",47.93,"1,283","4,718","1,239","8,879","3,434","1,412",41,59,"379,526",352,28,"2,448",11.49,12.17,7.76,15.51,17.09,12.92,10.14,7.85,5.07,55.93,38.98,"4,033"
2261,三条,"2,450","6,108","2,931",47.99,904,"3,733","1,245","4,093","2,760","1,094",40,36,"263,277",211,10,295,10.34,9.16,9.57,15.5,14.81,12.53,11.93,9.21,6.94,58.33,38.89,"1,506"
2262,太田,"3,913","5,194","2,485",47.84,867,"3,206",984,"2,844","2,225",692,31,31,"127,095",140,7,21,11.73,10.07,9.57,16.16,13.83,11.95,12.1,8.92,5.68,51.61,41.94,717
2263,仏生山,"2,964","2,578","1,316",51.05,332,"1,607",557,"2,205","1,144",436,38,44,"315,235",183,11,0,8.97,9.74,10.5,15.18,11.98,13.34,13.18,11.42,5.69,52.27,40.91,"1,164"
2264,空港通り,"1,137","2,374","1,167",49.16,277,"1,484",525,"1,400","1,091",401,37,13,"92,646",74,5,0,7.96,8.53,9.76,16.98,11.51,13.35,15.67,10.81,5.43,38.46,46.15,460
2265,一宮,"1,573","2,770","1,275",46.03,398,"1,650",683,"2,578","1,145",285,25,25,"136,135",90,3,837,8.64,10.84,9.3,13.91,10.91,12.67,15.12,11.35,7.25,40,48,582
2266,円座,"1,472","3,212","1,527",47.54,589,"1,958",594,"2,037","1,227",250,20,16,"113,336",92,3,258,12.89,9.96,9.9,18.59,12.6,10.57,11.62,8.78,5.09,37.5,37.5,554
2267,岡本,869,764,365,47.77,78,441,240,449,300,77,26,8,"11,183",32,1,0,6.59,7.91,6.72,12.91,10.28,12.91,19.37,14.23,9.09,50,37.5,148
2268,挿頭丘,398,"1,436",675,47.01,156,829,447,845,554,112,20,14,"60,231",46,3,0,6.85,7.41,7.06,11.61,9.51,14.2,21.75,12.59,9.02,42.86,42.86,189
2269,畑田,274,981,456,46.48,115,548,316,599,375,76,20,9,"74,059",33,2,0,7.36,7.36,6.34,10.63,9.51,14.72,20.35,12.99,10.74,44.44,33.33,126
2270,陶,670,796,383,48.12,113,448,224,"1,453",293,60,20,12,"53,955",74,2,699,10.69,7.51,7.63,14.89,9.92,11.83,14.5,11.7,11.32,33.33,41.67,429
2271,滝宮,647,"1,258",567,45.07,170,698,386,"2,071",419,81,19,23,"118,176",88,2,136,9.58,9.1,7.74,11.97,9.66,13.41,13.25,10.53,14.76,47.83,43.48,"1,391"
2272,羽床,155,418,189,45.22,66,249,103,340,141,24,17,1,300,16,1,14,8.83,11.46,7.16,13.84,12.17,14.08,14.56,10.74,7.16,0,100,148
2273,栗熊,551,614,298,48.53,63,303,245,890,182,27,15,8,"75,147",33,3,383,5.74,8.2,6.07,9.34,9.34,12.95,16.72,16.39,15.25,37.5,50,198
2274,岡田,505,695,306,44.03,67,362,264,762,227,48,21,19,"59,209",59,3,10,6.06,7.79,5.77,11.69,9.09,11.98,15.3,12.7,19.62,36.84,42.11,407
2275,羽間,237,173,85,49.13,24,99,50,167,61,13,21,1,0,12,1,0,11.43,5.71,10.29,10.29,8,16.57,16.57,12,9.14,100,0,92
2276,榎井,235,"1,724",800,46.4,190,989,537,"1,487",662,150,23,40,"212,976",133,4,322,6.76,7.99,7.87,10.26,11.08,13.99,17.49,15.04,9.5,47.5,40,450
2277,琴電琴平,"1,441","2,140",938,43.83,182,"1,103",853,"3,096",939,371,40,111,"255,137",334,24,182,4.49,7.48,6.4,9.54,9.63,12.44,18.65,15.66,15.71,57.66,36.94,"1,852"
2278,高松築港,"10,824","2,882","1,427",49.51,290,"1,742",675,"12,594","1,526",763,50,98,"2,143,992",748,79,812,7.87,6.1,7.17,13.71,15.71,16.04,14.56,10.2,8.65,60.2,34.69,"10,937"
2279,片原町,"4,886","4,442","2,060",46.38,300,"2,371","1,454","14,180","2,463","1,329",54,265,"4,078,001","1,576",216,535,4.58,5.26,7.52,10.81,12.22,14.76,16.99,15.85,12,72.45,25.66,"12,079"
2280,瓦町,"12,450","5,391","2,572",47.71,356,"2,930","1,697","16,969","3,063","1,765",58,327,"3,304,868","1,789",216,"1,044",4.59,6.2,8.89,11.59,11.53,13.68,17.19,14.3,12.02,73.09,25.08,"13,909"
2281,花園,735,"6,127","2,903",47.38,631,"3,607","1,586","7,568","3,089","1,515",49,75,"2,035,723",472,38,"1,209",7.27,8.24,9.82,12.95,12.9,14.03,13.5,12.06,9.22,48,44,"4,011"
2282,林道,"1,694","5,519","2,616",47.4,812,"3,372","1,152","4,576","2,397",778,32,47,"504,700",274,21,781,10.22,9.3,8.55,15.78,14,12.58,14,10.03,5.55,51.06,38.3,"1,615"
2283,木太東口,780,"3,870","1,866",48.22,612,"2,410",745,"2,006","1,578",448,28,17,"64,519",108,6,2,10.94,9.27,10.83,15.93,12.06,12.88,13.83,8.92,5.34,70.59,11.76,551
2284,元山,710,"2,825","1,344",47.58,373,"1,716",667,"1,881","1,214",368,30,13,"64,168",69,3,274,9.11,8.09,9.83,15.53,11.36,11.9,16.87,10.09,7.22,61.54,15.38,447
2285,水田,"1,035","2,334","1,088",46.62,273,"1,337",656,"1,981","1,063",384,36,20,"264,728",110,8,294,7.5,8.51,9.88,13.19,10.9,11.95,17.6,13.28,7.19,50,45,669
2286,西前田,125,768,385,50.13,102,471,184,500,302,92,30,3,"4,152",24,2,0,9.27,8.21,12.45,13.64,12.72,11.52,14.97,9.54,7.68,33.33,100,111
2287,高田,"1,371","1,302",619,47.54,122,725,431,"1,571",575,209,36,9,"29,590",55,7,702,6.33,8.29,10.87,9.3,10.71,12.2,18.69,14.62,8.99,33.33,33.33,267
2288,池戸,446,"2,077",965,46.46,235,"1,269",556,"1,900",872,316,36,18,"68,495",83,5,630,6.26,10.34,13.2,11.31,11.46,12.82,14.32,11.55,8.74,61.11,27.78,467
2289,農学部前,708,"2,005",972,48.48,246,"1,217",533,"2,046",848,298,35,29,"178,362",127,10,423,7.22,9.48,12.54,10.83,12.19,13.34,14.54,12.09,7.77,55.17,37.93,876
2290,平木,424,"1,948",946,48.56,243,"1,162",532,"2,666",830,276,33,47,"501,467",143,7,858,7.68,8.51,11.6,11.71,11.29,13.72,14.8,12.94,7.74,55.32,38.3,"1,038"
2291,学園通り,"1,141","1,577",745,47.24,191,977,398,"2,035",644,182,28,42,"624,377",121,10,344,7.46,9.31,10.52,11.54,11.86,15.5,14.73,11.48,7.59,54.76,35.71,"1,026"
2292,白山,255,851,397,46.65,87,529,230,572,310,61,20,6,"52,289",26,2,5,7.32,8.15,9.56,11.22,11.1,16.06,17.24,10.63,8.74,66.67,16.67,230
2293,井戸,67,837,394,47.07,96,491,247,530,315,65,21,9,"58,871",29,1,6,6.84,8.88,7.8,10.32,9.96,16.21,18.25,12.36,9.36,55.56,22.22,139
2294,公文明,219,"1,020",485,47.55,137,568,315,678,380,81,21,14,"50,474",44,3,0,8.34,8.44,8.24,10.89,10.4,13.54,17.76,12.86,9.52,50,28.57,213
2295,長尾,985,"1,538",722,46.94,187,889,462,"1,229",567,118,21,27,"124,520",98,6,3,8.01,8.46,8.98,10.94,12.11,13.22,15.49,13.02,9.77,51.85,33.33,605
2297,今橋,884,"5,181","2,613",50.43,368,"2,942","1,436","10,992","2,815","1,574",56,153,"1,288,567",967,110,"2,382",4.93,6.02,8.99,12.62,12.41,15.06,17.29,13.71,8.97,69.93,28.1,"6,599"
2298,松島二丁目,494,"5,371","3,016",56.15,399,"3,276","1,287","8,113","2,566","1,376",54,75,"2,961,055",422,30,"1,475",5.02,6.73,9.92,14.59,14.81,14.27,15.2,11.43,8.04,61.33,30.67,"4,230"
2299,沖松島,667,"3,215","1,695",52.72,271,"1,962",765,"4,268","1,546",753,49,52,"914,155",276,29,61,5.4,8.97,9.81,13.38,14.28,14.24,14.74,11.47,7.71,69.23,26.92,"2,849"
2300,春日川,375,"2,261","1,148",50.77,418,"1,426",301,"1,637",924,293,32,17,"319,837",78,6,3,13.43,10.07,10.03,17.21,16.88,12.13,10.07,5.46,4.71,52.94,17.65,805
2301,潟元,"1,820","3,343","1,631",48.79,524,"2,118",637,"3,459","1,408",448,32,41,"579,952",164,12,275,9.76,11.44,8.48,13.97,15.04,14.49,13.15,8.66,5,46.34,39.02,"1,743"
2302,琴電屋島,706,"3,073","1,508",49.07,423,"1,955",631,"3,403","1,314",438,33,57,"963,283",192,16,501,8.73,10.56,9.7,13.75,14.45,13.98,14.18,8.67,5.98,47.37,29.82,"1,573"
2303,古高松,672,"3,016","1,417",46.98,425,"1,820",690,"2,908","1,311",418,32,66,"590,469",224,21,0,9.48,9.61,8.35,14.76,13.33,11.79,15.51,10.7,6.48,50,30.3,"1,695"
2304,八栗,925,"2,844","1,362",47.89,308,"1,742",737,"1,968","1,231",397,32,31,"261,976",150,9,0,6.99,8.72,7.89,12.66,12.48,14.49,18.44,11.12,7.21,41.94,35.48,854
2305,六万寺,"1,018","2,075",952,45.88,270,"1,275",516,"1,694",794,179,23,20,"335,056",82,5,50,8.54,9.36,8.87,14.02,12.66,11.83,16.73,10.04,7.95,50,45,840
2306,大町,351,"2,026",971,47.93,291,"1,264",459,"1,910",797,193,24,12,"30,603",66,3,783,8.54,10.38,10.23,13.56,13.21,11.77,16.68,9.93,5.71,58.33,25,323
2307,八栗新道,204,"1,663",792,47.62,251,"1,042",351,"1,111",637,137,22,6,"6,234",51,4,238,9.37,10.52,9.98,13.75,12.47,13.56,15.51,9.06,5.78,50,33.33,260
2308,塩屋,125,"1,075",510,47.44,116,685,259,"1,184",363,96,26,4,"17,755",37,1,238,6.42,9.44,8.31,10.01,14.83,16.62,15.49,12.18,6.7,50,50,439
2309,房前,83,879,420,47.78,76,523,268,950,278,76,27,7,"43,491",33,2,74,4.95,7.72,7.03,9.68,14.52,14.4,17.63,15.09,8.99,42.86,14.29,379
2310,原,151,873,415,47.54,84,504,274,661,357,105,29,11,"46,229",37,2,57,6.6,8.69,8.81,11.36,11.01,12.28,16.8,15.64,8.81,36.36,45.45,202
2311,琴電志度,"1,121","2,122",975,45.95,248,"1,236",627,"2,670",878,273,31,61,"288,427",175,13,630,7.96,8.48,9.43,11.61,11.37,12.98,14.83,13.36,10,45.9,39.34,"1,215"
2312,宇多津,"4,100","3,822","1,879",49.16,761,"2,606",397,"3,376","1,706",746,44,40,"1,450,287",150,18,272,14.61,10.26,12.04,22.18,16.42,10.39,6.14,3.27,4.7,57.5,22.5,"1,892"
2313,坂出,"10,336","3,798","1,741",45.84,466,"2,118","1,206","6,894","1,643",555,34,169,"1,191,412",554,49,"1,454",8.58,7.6,7.15,12.72,11.13,12.61,15.28,13.69,11.24,61.54,36.09,"3,871"
2314,高松,"24,648","3,219","1,602",49.77,355,"2,000",678,"12,216","1,672",787,47,82,"1,292,623",679,70,814,8.38,7.09,7.29,14.32,15.97,16.13,14.62,9.3,6.9,56.1,39.02,"10,440"
2315,香西,948,"3,397","1,660",48.87,497,"2,168",590,"3,143","1,477",495,34,21,"342,922",185,11,0,9.98,9.55,10.08,16.31,14.01,12.9,14.72,8.39,4.06,38.1,42.86,"1,944"
2316,鬼無,"1,312","1,383",665,48.08,200,791,347,"1,075",518,127,25,8,"6,662",57,2,203,10.4,8.91,8.46,13.17,11.3,14.52,14.45,11.23,7.56,37.5,50,340
2317,端岡,"2,698","2,147","1,045",48.67,344,"1,342",419,"2,034",811,180,22,16,"70,237",83,6,698,10.69,9.79,10.17,16.3,12.74,11.88,14.16,8.84,5.42,56.25,18.75,507
2318,国分,750,810,379,46.79,102,493,216,672,298,45,15,7,"14,757",41,4,0,8.5,7.64,8.25,13.55,10.22,13.55,18.6,12.19,7.51,42.86,28.57,314
2319,讃岐府中,728,588,273,46.43,64,352,173,445,213,38,18,2,0,27,6,50,5.44,12.59,7.14,12.59,11.9,11.39,17.52,13.95,7.48,50,50,155
2320,鴨川,674,"1,179",551,46.73,119,649,412,"1,118",408,101,25,11,"60,856",62,4,60,6.18,7.2,8.3,10.5,9.99,14.23,15.83,14.23,13.55,36.36,36.36,480
2321,八十場,214,642,325,50.62,62,373,206,556,238,69,29,5,"40,600",33,1,34,5.94,8.13,5.78,10.16,11.72,13.59,23.28,12.81,8.59,40,0,235
2322,坂出,"10,336","3,798","1,741",45.84,466,"2,118","1,206","6,894","1,643",555,34,169,"1,191,412",554,49,"1,454",8.58,7.6,7.15,12.72,11.13,12.61,15.28,13.69,11.24,61.54,36.09,"3,871"
2323,宇多津,"4,100","3,822","1,879",49.16,761,"2,606",397,"3,376","1,706",746,44,40,"1,450,287",150,18,272,14.61,10.26,12.04,22.18,16.42,10.39,6.14,3.27,4.7,57.5,22.5,"1,892"
2324,丸亀,"7,748","2,901","1,454",50.12,280,"1,624",897,"4,498","1,413",647,46,129,"690,158",540,49,233,6.03,7.99,8.24,10.92,11.21,14.38,15.67,13.85,11.71,57.36,39.53,"3,016"
2325,讃岐塩屋,622,"2,222","1,135",51.08,279,"1,365",474,"2,227",986,381,39,9,"80,909",83,14,12,7.79,9.96,12.75,11.52,12.56,13.93,14.92,10.1,6.47,55.56,22.22,"1,442"
2326,多度津,"4,024","2,340","1,097",46.88,283,"1,252",800,"2,825",941,264,28,33,"236,394",117,9,509,7.79,8.09,7.84,11.48,9.94,12.93,13.83,13.53,14.56,42.42,45.45,"1,206"
2327,海岸寺,142,655,318,48.55,80,384,195,511,226,38,17,0,0,23,2,91,7.59,8.65,7.28,11.23,12.9,14.42,15.78,13.81,8.35,0,0,117
2328,津島ノ宮,"1,714",146,77,52.74,14,96,38,69,55,21,38,0,0,2,0,0,6.08,6.76,14.19,14.19,8.11,14.86,16.89,11.49,7.43,0,0,10
2329,詫間,"1,708","1,888",884,46.82,249,"1,058",579,"1,377",688,157,23,32,"192,763",98,7,92,8.54,8.91,7.53,13.16,11.25,10.82,18.04,11.88,9.87,62.5,34.38,473
2330,みの,464,747,357,47.79,118,449,173,733,258,48,19,13,"30,484",52,5,19,10.24,9.97,9.84,16.17,11.32,10.51,14.82,10.78,6.33,46.15,38.46,423
2331,高瀬,"1,444","1,172",582,49.66,171,742,258,"1,675",400,94,24,43,"328,162",130,9,419,10.23,16.37,8.53,14.75,9.46,11,12.96,9.21,7.5,60.47,32.56,831
2332,比地大,254,690,339,49.13,79,406,205,636,223,27,12,9,"119,970",33,0,106,5.81,10.3,7.69,12.34,13.79,13.35,14.37,13.79,8.56,33.33,33.33,206
2333,本山,552,603,281,46.6,78,375,150,382,209,44,21,6,"19,547",26,3,22,8.83,7.33,11.17,11.67,11,15.67,15.33,10.33,8.67,33.33,33.33,121
2334,観音寺,"3,078","2,007",969,48.28,207,"1,142",645,"4,622",836,286,34,119,"970,724",374,28,683,7.01,6.36,8.07,12.17,10.87,13.43,16.98,14.18,10.92,61.34,31.93,"3,135"
2335,豊浜,522,"1,465",699,47.71,156,810,487,"2,080",565,163,29,31,"187,402",99,6,404,6.61,8.47,8.05,11.36,10.05,13.76,15.21,13.97,12.53,38.71,41.94,"1,001"
2336,箕浦,36,129,64,49.61,8,77,44,82,46,11,24,4,"2,165",5,2,0,2.31,7.69,6.92,10.77,10.77,14.62,20.77,13.85,12.31,0,75,17
2337,高松,"24,308","3,219","1,602",49.77,355,"2,000",678,"12,216","1,672",787,47,82,"1,292,623",679,70,814,8.38,7.09,7.29,14.32,15.97,16.13,14.62,9.3,6.9,56.1,39.02,"10,440"
2338,昭和町,930,"5,688","2,809",49.38,624,"3,614","1,146","4,873","3,013","1,623",54,57,"523,275",276,19,937,7.39,11.53,13.09,11.49,13.63,14.13,12.72,9.34,6.7,52.63,42.11,"1,880"
2339,栗林公園北口,884,"4,100","1,985",48.41,363,"2,443","1,122","7,613","2,286","1,291",56,68,"469,960",409,25,"2,024",5.86,9.19,12.32,10.72,12.55,12.75,14.1,12.02,10.49,60.29,36.76,"4,137"
2340,栗林,"2,194","7,946","3,780",47.57,"1,095","4,820","1,658","10,055","3,933","1,905",48,84,"656,797",527,36,"1,664",9.65,10.67,9.15,14.41,14.69,13.11,11.46,9.72,7.13,46.43,45.24,"5,717"
2341,木太町,654,"4,430","2,170",48.98,693,"2,763",775,"3,786","1,951",688,35,28,"194,728",149,6,995,11.03,9.26,10.82,16.59,14.34,12.05,13.75,7.77,4.37,50,42.86,"1,201"
2342,屋島,"1,198","4,024","1,915",47.59,569,"2,408",923,"3,507","1,734",526,30,75,"662,388",234,15,192,9.35,9.92,8.15,14.12,13.38,11.99,16.32,10.28,6.48,46.67,37.33,"1,652"
2343,古高松南,478,"2,868","1,366",47.63,269,"1,789",747,"1,918","1,242",388,31,31,"222,773",120,10,0,6.27,8.41,8.41,12.33,12.44,14.79,18.71,11.51,7.13,51.61,29.03,775
2344,八栗口,566,"2,121","1,017",47.95,308,"1,318",483,"1,798",828,195,24,13,"61,693",66,4,480,9.34,9.67,9.72,14.7,13.09,10.91,17.02,9.96,5.6,53.85,30.77,478
2345,讃岐牟礼,550,"1,588",756,47.61,235,996,339,"1,072",598,127,21,5,"4,416",50,4,183,9.18,10.33,9.76,13.33,12.44,14.29,15.43,9.31,5.93,40,40,291
2346,志度,"2,030","2,444","1,130",46.24,306,"1,444",679,"2,826","1,008",313,31,61,"292,569",176,13,761,8.56,8.81,9.51,12.35,11.45,12.8,14.74,12.47,9.3,45.9,40.98,"1,139"
2347,オレンジタウン,244,378,185,48.94,73,242,69,136,130,14,11,0,0,6,0,0,11.29,12.86,5.77,15.22,16.54,14.17,12.86,8.4,2.89,0,0,16
2348,造田,478,"1,105",516,46.7,119,713,272,871,414,79,19,6,"11,298",45,1,219,6.24,10.23,8.51,10.95,11.86,16.29,18.73,10.05,7.15,33.33,66.67,194
2349,神前,968,808,392,48.51,143,460,205,536,275,51,19,7,"10,527",25,0,103,10.29,12.14,7.31,13.75,11.77,11.9,15.37,11.4,6.07,28.57,42.86,99
2350,讃岐津田,"1,010","1,223",571,46.69,126,654,441,"1,310",494,117,24,26,"187,361",95,3,204,5.81,8.51,7.69,8.76,10.64,13.42,17.18,17.18,10.8,42.31,38.46,519
2351,鶴羽,148,784,377,48.09,84,503,191,453,284,53,19,2,46,26,3,1,6.41,8.85,8.97,12.44,10.64,16.15,19.36,8.72,8.46,50,0,100
2352,丹生,270,875,408,46.63,114,491,271,709,351,85,24,13,"63,626",45,1,99,8.55,8.32,6.39,12.09,11.86,11.97,18.47,13.8,8.55,23.08,38.46,227
2353,三本松,"1,472","2,047",949,46.36,165,"1,083",796,"2,828",858,254,30,61,"291,966",214,12,489,5.14,6.32,7.1,10.38,9.7,13.12,18.51,17.68,12.05,67.21,31.15,"1,398"
2354,讃岐白鳥,418,"1,849",862,46.62,197,983,650,"1,574",740,200,27,24,"145,164",133,9,11,6.5,7.81,7.16,11.31,11.09,11.97,17.27,14.97,11.91,58.33,33.33,811
2355,引田,512,"1,329",627,47.18,115,684,530,"1,554",525,116,22,37,"203,611",154,10,314,5.19,6.69,4.89,10.08,10.9,11.73,21.8,17.52,11.2,59.46,29.73,665
2356,讃岐相生,36,383,189,49.35,29,214,140,271,153,29,19,4,"11,300",16,0,0,4.71,5.24,5.76,10.99,6.81,15.45,23.3,15.97,11.78,50,25,92
2357,多度津,"4,074","2,340","1,097",46.88,283,"1,252",800,"2,825",941,264,28,33,"236,394",117,9,509,7.79,8.09,7.84,11.48,9.94,12.93,13.83,13.53,14.56,42.42,45.45,"1,206"
2358,金蔵寺,466,"1,085",512,47.19,121,653,308,787,429,97,23,7,"22,404",65,7,0,6.19,8.4,9.05,12.74,9.88,15.05,18.47,12.37,7.85,57.14,28.57,303
2359,善通寺,"2,806","2,007","1,001",49.88,255,"1,232",511,"3,988",936,420,45,58,"426,974",202,17,"1,514",9.31,9.11,13.77,12.32,11.62,11.17,12.82,12.42,7.46,58.62,31.03,"1,720"
2360,琴平,"2,192","2,256",996,44.15,207,"1,157",887,"3,132",942,342,36,111,"285,994",342,25,291,4.92,7.68,6.21,9.63,9.85,12.24,18.37,15.13,15.97,57.66,36.04,"1,739"
2361,塩入,70,543,239,44.01,71,295,189,333,159,25,16,6,"18,929",24,1,0,7.58,9.21,9.39,9.57,10.29,12.45,12.27,13.9,15.34,33.33,33.33,94
2362,黒川,14,172,77,44.77,19,92,62,152,55,8,15,3,"1,870",14,0,0,8.67,5.2,10.98,6.36,9.25,17.34,13.29,17.34,11.56,33.33,33.33,78
2363,讃岐財田,60,156,69,44.23,10,93,54,87,52,8,15,0,0,2,0,0,4.46,5.73,8.28,7.01,5.73,17.83,19.11,17.2,14.65,0,0,5
2364,甲浦,39,432,204,47.22,51,239,147,344,184,58,32,7,"12,105",25,0,0,6.86,7.32,4.81,9.15,10.76,16.02,18.31,12.13,14.65,57.14,28.57,95
2365,窪川,281,"1,541",693,44.97,198,807,534,"2,660",676,248,37,92,"679,905",268,22,409,8.26,7.48,7.41,11.9,9.56,12.29,15.54,13.39,14.17,54.35,34.78,"1,587"
2366,若井,24,115,55,47.83,9,54,52,79,42,10,24,1,0,3,0,0,4.39,5.26,4.39,7.89,10.53,14.91,16.67,21.05,14.91,0,100,10
2367,荷稲,23,62,29,46.77,6,27,29,58,23,5,22,0,0,1,0,0,3.13,9.38,3.13,7.81,6.25,15.63,21.88,20.31,12.5,0,0,16
2368,伊与喜,17,146,74,50.68,13,89,46,178,54,10,19,5,"32,842",11,0,22,6.08,5.41,13.51,4.73,8.11,18.92,18.24,14.86,10.14,40,60,82
2369,土佐佐賀,122,609,300,49.26,66,359,182,801,247,58,23,21,"72,689",59,3,153,7.25,7.41,7.74,11.04,8.73,15.82,19.6,13.51,8.9,42.86,38.1,322
2370,佐賀公園,9,16,4,25,0,0,13,43,1,0,0,0,0,1,0,0,0,0,0,0,0,0,0,28.57,71.43,0,0,30
2371,土佐白浜,6,75,34,45.33,3,39,33,79,34,12,35,0,0,3,1,0,3.95,3.95,5.26,9.21,6.58,15.79,23.68,19.74,11.84,0,0,29
2372,有井川,12,198,82,41.41,14,96,88,175,95,37,39,3,"1,104",15,1,16,3.52,7.54,6.53,3.52,9.55,16.08,16.08,21.11,16.08,33.33,66.67,56
2373,土佐上川口,15,245,116,47.35,17,114,114,240,101,33,33,5,"9,537",15,0,18,3.66,7.32,5.69,7.32,8.13,14.23,15.04,18.29,20.33,0,80,57
2374,海の王迎,9,249,124,49.8,37,150,63,150,102,24,24,3,"3,496",9,0,0,9.6,11.6,6,10.8,13.2,14,16.8,10.8,7.2,0,100,33
2375,浮鞭,31,350,166,47.43,33,195,121,330,139,28,20,3,"11,943",23,3,60,5.71,7.71,4.57,10.57,8.57,16,16.86,15.71,14.29,33.33,66.67,67
2376,土佐入野,236,749,341,45.53,80,397,274,"1,220",323,90,28,16,"97,561",82,7,344,6,10.53,4.4,10.4,10.13,12.67,18.4,17.33,10.13,31.25,56.25,436
2377,西大方,10,130,55,42.31,10,67,40,84,53,15,28,1,0,3,0,4,5.04,6.72,5.88,9.24,13.45,16.81,16.81,15.97,10.08,0,100,9
2378,古津賀,117,766,369,48.17,122,491,152,871,322,106,33,12,"86,253",39,4,290,12.19,10.22,9.17,18.35,12.84,9.7,12.71,9.31,5.5,41.67,50,303
2379,中村,943,"1,609",783,48.66,233,"1,015",349,"2,042",774,365,47,47,"433,028",204,19,0,9.96,7.95,9.39,17.22,13.53,12.77,12.46,8.39,8.33,63.83,27.66,"1,471"
2380,中村,943,"1,609",783,48.66,233,"1,015",349,"2,042",774,365,47,47,"433,028",204,19,0,9.96,7.95,9.39,17.22,13.53,12.77,12.46,8.39,8.33,63.83,27.66,"1,471"
2381,具同,79,760,368,48.42,124,482,152,950,314,102,32,45,"682,556",95,9,0,10.01,10.14,9.09,16.47,11.46,15.68,13.18,9.22,4.74,55.56,22.22,655
2382,国見,3,224,106,47.32,60,134,34,373,83,18,22,4,"8,891",17,2,147,18.3,12.5,4.46,20.98,12.5,9.82,11.16,5.36,4.91,50,25,96
2383,有岡,96,316,140,44.3,34,190,94,258,125,28,22,6,"15,096",22,1,56,5.05,11.67,5.68,10.09,12.3,14.51,18.93,11.36,10.41,33.33,50,86
2384,工業団地,36,157,67,42.68,16,69,72,845,54,13,24,4,"30,477",45,1,18,5.77,7.05,3.21,7.05,8.33,12.82,15.38,14.74,25.64,25,50,738
2385,平田,118,530,238,44.91,67,247,216,693,198,50,25,14,"84,621",59,2,78,7.55,7.36,3.77,8.11,9.81,12.26,17.92,14.53,18.68,28.57,64.29,327
2386,東宿毛,39,"1,272",548,43.08,122,722,424,"1,586",596,234,39,47,"204,406",187,14,69,6.23,7.41,6.78,11.28,9.62,14.59,18.53,13.49,12.07,59.57,34.04,868
2387,宿毛,521,836,407,48.68,156,526,145,898,347,99,29,31,"431,686",91,16,0,11.99,12.11,9.93,19.37,13.08,9.56,11.62,7.75,4.6,48.39,35.48,617
2388,後免,338,"3,132","1,476",47.13,354,"2,009",733,"3,018","1,595",794,50,74,"699,581",244,20,16,8.24,8.14,14.73,15.22,10.44,11.6,14.02,9.89,7.72,47.3,45.95,"1,688"
2389,後免町,338,"3,214","1,509",46.95,491,"2,053",622,"2,557","1,484",611,41,56,"430,413",190,18,126,10.78,9.04,12.71,17.29,12.42,11.29,12.24,8.6,5.63,50,42.86,"1,295"
2390,立田,32,892,424,47.53,98,479,306,866,349,116,33,12,"36,221",42,1,103,6.67,8.47,9.27,11.07,8.93,12.54,16.95,11.64,14.46,16.67,75,324
2391,のいち,"1,291","2,068",947,45.79,328,"1,206",526,"2,789",838,265,32,71,"676,004",206,21,447,11.01,8.98,8.44,16.25,11.6,11.55,13.05,10.09,9.02,53.52,39.44,"1,504"
2392,よしかわ,16,388,195,50.26,55,233,98,254,155,48,31,2,728,8,0,0,10.16,8.07,7.29,16.15,8.85,14.58,15.36,11.46,8.07,0,50,61
2393,あかおか,243,"1,158",535,46.2,110,651,412,"1,174",525,183,35,30,"163,858",98,4,14,6.14,6.91,7.17,11.26,11.01,11.35,18.43,16.64,11.09,40,43.33,543
2394,香我美,90,939,432,46.01,85,472,381,835,326,87,27,11,"20,764",45,2,18,5.75,6.6,7.35,8.63,11.08,10.97,16.4,14.38,18.85,45.45,36.36,340
2395,夜須,247,691,326,47.18,61,367,261,675,291,80,27,31,"123,253",74,7,0,5.94,6.38,6.52,11.01,9.28,12.61,19.71,15.07,13.48,32.26,58.06,332
2396,西分,48,389,185,47.56,50,221,120,274,164,50,30,7,"4,549",9,0,0,7.4,8.67,7.65,10.46,12.24,13.01,18.11,13.52,8.93,57.14,42.86,37
2397,和食,197,680,319,46.91,81,389,211,555,273,75,27,20,"137,727",51,3,39,7.07,8.84,6.04,12.67,10.16,12.96,19.88,13.11,9.28,30,55,171
2398,赤野,38,436,211,48.39,31,258,146,378,165,41,25,7,"18,498",18,1,35,3.68,8.51,10.57,6.44,10.34,17.01,18.85,12.87,11.72,28.57,57.14,63
2399,穴内,8,212,103,48.58,12,122,78,165,82,19,23,3,0,8,1,6,3.79,5.21,11.85,6.64,8.06,16.11,18.96,17.06,12.32,66.67,0,37
2400,球場前,195,"1,033",492,47.63,114,608,310,"1,067",503,210,42,19,"148,081",65,8,171,7.08,7.47,9.6,10.38,11.15,14.45,17.94,14.26,7.66,47.37,36.84,370
2401,安芸,695,"2,023",937,46.32,274,"1,199",541,"2,966",920,348,38,77,"782,804",264,23,341,8.38,9.67,9.18,13.59,11.86,12.05,15.72,11.51,8.04,55.84,28.57,"1,775"
2402,伊尾木,72,750,360,48,75,420,257,592,322,99,31,8,"60,166",39,1,26,6,7.6,7.6,9.2,10.4,13.47,18,15.73,12,37.5,37.5,181
2403,下山,17,125,60,48,8,70,47,91,50,18,36,0,0,4,1,0,4,6.4,11.2,8,9.6,17.6,8.8,19.2,15.2,0,0,17
2404,唐浜,52,341,171,50.15,27,206,109,227,119,30,25,6,"39,792",14,1,0,5.26,7.6,7.31,12.57,12.87,14.33,15.5,14.33,10.23,50,16.67,43
2405,安田,125,245,111,45.31,17,121,107,369,101,30,30,5,"1,652",30,2,114,2.83,8.1,5.67,6.48,10.12,14.57,15.79,20.24,16.19,40,60,125
2406,田野,143,"1,020",481,47.16,126,544,350,"1,348",433,130,30,18,"133,764",94,6,164,7.83,7.53,6.26,11.25,12.04,12.43,14.87,15.56,12.23,50,44.44,636
2407,奈半利,317,"1,063",499,46.94,117,599,346,"1,265",469,150,32,23,"130,780",137,14,155,6.96,7.9,7.43,10.25,10.07,15.9,16.75,15.99,8.75,52.17,39.13,588
2408,後免町,338,"3,440","1,621",47.12,523,"2,198",671,"2,865","1,604",679,42,67,"539,892",227,22,98,10.88,8.72,13,17.15,12.11,11.41,12.41,8.61,5.72,50.75,43.28,"1,552"
2409,後免町,338,"3,824","1,806",47.23,571,"2,444",760,"3,537","1,805",790,44,86,"730,485",292,30,178,10.94,8.19,13.35,16.93,11.61,11.53,12.88,8.61,5.96,51.16,41.86,"1,998"
2410,ごめん中町,106,"3,987","1,883",47.23,581,"2,546",818,"4,075","1,887",832,44,91,"775,780",317,32,374,10.87,7.88,13.48,16.95,11.27,11.25,13.2,8.59,6.53,49.45,43.96,"2,256"
2411,ごめん西町,278,"4,041","1,887",46.7,614,"2,577",817,"4,363","1,830",753,41,68,"592,936",258,27,778,11.2,8.61,12.8,17.42,11.63,10.6,12.8,8.13,6.81,45.59,48.53,"2,109"
2412,東工業前,130,"3,214","1,521",47.32,507,"2,080",603,"2,993","1,366",502,37,16,"113,323",103,12,609,11.44,9.21,12.54,18.05,11.91,11.16,11.69,7.58,6.42,18.75,75,"1,151"
2413,住吉通,85,"3,010","1,437",47.74,463,"1,957",565,"2,622","1,284",480,37,14,"94,373",93,10,406,11.18,8.94,12.82,17.84,11.78,11.68,11.68,7.77,6.29,14.29,71.43,"1,025"
2414,篠原,131,"1,844",888,48.16,266,"1,189",369,"1,363",784,318,41,7,"191,368",59,4,6,10.53,8.28,12.95,17.72,11.52,12.34,11.25,7.68,7.73,14.29,42.86,552
2415,小篭通,31,972,443,45.58,151,582,231,"1,074",402,162,40,7,"217,521",48,2,0,11.19,8.39,11.19,18.45,11.92,8.91,10.67,7.05,12.23,14.29,28.57,662
2416,長崎,99,678,308,45.43,101,403,172,867,266,67,25,3,"31,793",23,0,40,10.77,8.26,10.32,15.04,12.24,10.32,14.16,9.59,9.29,0,33.33,568
2417,明見橋,93,794,369,46.47,125,480,187,765,306,62,20,5,"11,299",22,0,103,12.28,7.59,10.76,15.7,12.03,10.38,14.3,9.75,7.22,20,40,393
2418,一条橋,67,"1,408",658,46.73,211,896,283,"1,136",582,159,27,13,"105,844",53,6,107,10.78,9.49,9.85,17.4,11.36,12.44,15.1,8.55,5.03,30.77,30.77,553
2419,清和学園前,122,"1,263",593,46.95,198,795,258,912,508,124,24,10,"62,653",40,3,110,11.83,8.79,10.23,17.35,11.43,11.75,14.63,8.71,5.28,30,30,389
2420,領石通,438,"1,756",849,48.35,226,"1,155",335,"1,370",786,294,37,20,"193,576",95,11,26,8.68,10.02,11.53,15.67,11.82,13.63,15.84,8.04,4.78,35,25,734
2421,北浦,51,"2,153","1,085",50.39,267,"1,480",345,"1,776",984,431,44,26,"272,509",140,13,274,8.74,11.85,13.81,14.48,12.76,13.43,14,6.74,4.2,34.62,26.92,838
2422,舟戸,402,"4,313","2,103",48.76,611,"2,875",734,"3,969","1,831",768,42,33,"417,081",204,10,"1,066",10.07,13.34,12.77,14.91,12.96,11.8,11.16,6.49,6.49,27.27,45.45,"1,486"
2423,鹿児,727,"3,571","1,673",46.85,536,"2,239",740,"3,021","1,444",548,38,15,"134,905",112,4,553,10.49,12.08,11.77,14.98,12.4,11.23,10.32,7.9,8.81,33.33,53.33,"1,151"
2424,田辺島通,231,"3,063","1,427",46.59,444,"1,962",599,"2,504","1,333",544,41,15,"96,218",92,6,213,9.81,10.88,12.31,14.77,14.01,12.14,10.48,8.22,7.39,46.67,40,"1,172"
2425,東新木,300,"3,788","1,770",46.73,530,"2,575",607,"2,600","1,771",747,42,37,"546,629",150,12,24,9.32,10.8,12.5,15.51,14.81,13.65,11.82,7.43,4.15,51.35,32.43,"1,361"
2426,新木,360,"4,486","2,087",46.52,660,"3,082",655,"2,828","2,100",897,43,38,"602,715",175,13,1,9.96,10.99,12.99,16.58,14.88,12.85,11.33,6.48,3.94,50,34.21,"1,491"
2427,介良通,458,"3,662","1,702",46.48,584,"2,518",485,"2,980","1,689",720,43,21,"343,517",154,8,497,11.1,11.12,12.91,18.04,15.03,11.63,10.98,5.66,3.54,52.38,33.33,"1,415"
2428,文殊通,"1,016","3,690","1,732",46.94,634,"2,515",461,"3,782","1,678",704,42,27,"520,338",182,9,882,12.38,10.8,11.85,19.11,15.4,11.38,10.5,5.46,3.13,44.44,29.63,"1,722"
2429,高須,257,"3,357","1,585",47.21,591,"2,276",413,"3,916","1,537",666,43,38,"710,592",205,10,902,12.74,10.82,10.82,19.21,16.16,11.74,9.94,5.3,3.26,47.37,28.95,"1,892"
2430,県立美術館通,455,"3,321","1,569",47.24,586,"2,252",406,"3,907","1,526",670,44,43,"785,565",217,11,851,12.67,10.98,10.48,19.09,16.5,11.9,9.77,5.24,3.36,46.51,30.23,"1,945"
2431,西高須,560,"3,566","1,678",47.06,607,"2,444",434,"3,614","1,660",749,45,56,"1,001,363",250,14,352,11.62,11.65,10.27,18.24,17.27,12.45,9.67,5.08,3.76,46.43,30.36,"2,154"
2432,葛島橋東詰,314,"3,423","1,603",46.83,531,"2,371",443,"2,899","1,633",752,46,51,"1,053,133",228,13,1,10.14,11.54,10.38,17.31,17.25,13.37,10.71,5.44,3.86,47.06,33.33,"1,917"
2433,知寄町三丁目,497,"3,685","1,685",45.73,455,"2,447",691,"3,605","1,859",905,49,42,"1,059,340",238,20,128,8.12,9.4,10.65,15.38,15.08,14.24,13.24,7.96,5.92,50,38.1,"2,326"
2434,知寄町,530,"4,608","2,070",44.92,501,"2,926","1,063","5,327","2,346","1,152",49,57,"1,061,132",335,32,391,7.17,8.53,10.38,13.74,13.56,14.54,14.68,9.67,7.73,52.63,36.84,"3,306"
2435,知寄町二丁目,693,"5,433","2,421",44.56,560,"3,372","1,362","6,428","2,783","1,386",50,76,"1,026,536",419,40,514,6.82,8.1,10.05,13.31,13.1,14.39,15.16,10.4,8.67,51.32,36.84,"3,878"
2436,知寄町一丁目,584,"6,570","2,905",44.22,630,"3,988","1,777","7,243","3,410","1,757",52,110,"914,717",526,47,461,6.36,7.43,9.6,13.42,12.95,13.96,15.54,10.99,9.74,49.09,41.82,"4,187"
2437,宝永町,802,"6,916","3,060",44.25,636,"4,180","1,903","7,063","3,640","1,933",53,139,"740,369",593,49,315,6.12,6.99,9.38,13.94,13.26,13.54,15.63,10.97,10.18,48.2,45.32,"3,978"
2438,菜園場町,"1,003","6,382","2,822",44.22,553,"3,783","1,837","8,990","3,339","1,788",54,214,"808,570",883,73,709,5.52,6.9,8.88,13.72,12.96,13.28,16.1,11.1,11.53,53.27,43.46,"5,676"
2439,デンテツターミナルビル前,"2,321","5,179","2,302",44.45,430,"3,029","1,522","12,688","2,720","1,480",54,332,"2,389,511","1,405",124,787,5.22,6.86,8.95,13.39,12.32,13.33,16.38,11.48,12.06,65.96,32.23,"9,795"
2442,堀詰,"1,839","2,919","1,280",43.85,202,"1,617",946,"20,162","1,580",970,61,463,"4,513,514","1,978",190,"1,854",4.88,5.35,10.34,12.76,10.3,12.94,16.27,13.05,14.1,74.51,24.84,"17,147"
2443,大橋通,"2,296","2,563","1,065",41.55,198,"1,397",862,"19,937","1,327",784,59,380,"3,016,099","1,600",158,"2,828",5.54,5.74,9.65,12.13,10.91,12.17,15.96,12.54,15.35,70,28.95,"16,166"
2444,高知城前,801,"2,702","1,105",40.9,235,"1,470",904,"18,139","1,329",740,56,281,"1,728,701","1,238",122,"2,814",6.25,6.06,8.63,11.96,12.35,12.04,15.03,12.04,15.64,64.41,34.52,"14,401"
2445,県庁前,"1,578","3,302","1,379",41.76,312,"1,813","1,066","14,644","1,562",822,53,184,"849,950",930,84,"1,881",6.8,6.49,7.77,12.16,13.89,12.04,14.01,11.76,15.08,56.52,41.3,"11,674"
2446,グランド通,631,"3,877","1,650",42.56,373,"2,152","1,213","12,062","1,854",972,52,145,"674,140",804,65,"1,084",6.88,6.85,7.95,12.36,14.02,12.07,13.91,11.72,14.24,53.1,44.14,"9,661"
2447,枡形,649,"4,451","1,911",42.93,424,"2,485","1,378","9,658","2,172","1,148",53,119,"577,048",679,49,642,6.67,7.21,8.47,12.25,13.53,12.01,14.3,11.83,13.74,50.42,46.22,"7,406"
2448,上町一丁目,441,"4,777","2,041",42.73,438,"2,654","1,510","8,820","2,365","1,263",53,117,"573,728",620,41,741,6.28,7.39,8.82,11.89,12.78,11.93,14.93,12.19,13.8,51.28,46.15,"6,236"
2449,上町二丁目,608,"5,013","2,130",42.49,452,"2,792","1,595","8,088","2,519","1,346",53,119,"588,792",566,36,847,6.03,7.58,9.22,11.76,12.01,11.9,15.66,12.38,13.45,51.26,44.54,"5,183"
2450,上町四丁目,359,"5,350","2,282",42.65,506,"3,043","1,651","6,600","2,733","1,418",52,114,"546,295",473,30,676,6.04,8.13,9.38,12.06,11.52,12.04,16.69,12.17,11.96,52.63,42.98,"3,564"
2451,上町五丁目,"1,065","5,643","2,430",43.06,575,"3,286","1,662","5,657","2,863","1,411",49,105,"493,831",429,29,378,6.41,8.45,9.09,12.73,11.84,12.22,16.93,11.77,10.57,51.43,43.81,"2,760"
2452,旭町一丁目,347,"6,198","2,644",42.66,660,"3,623","1,810","6,129","3,067","1,423",46,106,"610,894",432,33,954,6.91,8.29,8.81,13.28,11.77,12.21,16.57,11.67,10.5,48.11,45.28,"2,466"
2453,旭駅前通,"1,097","6,353","2,672",42.06,661,"3,644","1,941","7,542","3,033","1,346",44,108,"875,569",439,37,"2,024",6.98,8,8.5,12.88,11.48,12.26,16.29,11.99,11.62,45.37,46.3,"2,819"
2454,旭町三丁目,967,"5,726","2,434",42.51,585,"3,248","1,803","7,146","2,714","1,133",42,103,"1,109,825",384,33,"1,854",6.85,7.81,8.25,12.22,11.12,13,16.46,12.72,11.57,43.69,47.57,"2,853"
2455,蛍橋,548,"4,815","2,099",43.59,487,"2,756","1,494","6,027","2,306",932,40,85,"968,806",303,26,"1,374",6.73,7.74,8.55,11.94,10.93,13.65,16.71,13.13,10.61,42.35,48.24,"2,543"
2456,鏡川橋,880,"3,838","1,750",45.6,391,"2,283","1,074","4,496","1,826",741,41,52,"484,715",200,14,909,6.67,8.3,10.33,11.93,11.24,13.93,15.85,12.6,9.15,38.46,44.23,"1,896"
2457,鴨部,418,"4,311","1,973",45.77,443,"2,643","1,075","3,811","2,230","1,118",50,58,"412,359",206,17,454,6.99,9.83,13.77,12.64,10.72,12.16,14.51,11.34,8.05,41.38,43.1,"1,600"
2458,曙町東町,100,"4,171","1,912",45.84,403,"2,613","1,006","2,843","2,231","1,214",54,59,"403,767",196,19,37,6.34,11.12,16.82,12.46,9.53,10.77,13.83,11.07,8.06,45.76,42.37,"1,175"
2459,曙町,95,"4,078","1,893",46.42,390,"2,597",945,"3,106","2,198","1,241",56,56,"437,130",189,20,412,6.28,12.03,18.72,12.39,8.98,9.94,13.28,10.63,7.76,46.43,42.86,"1,179"
2460,朝倉,558,"3,713","1,774",47.78,361,"2,426",783,"4,952","1,999","1,182",59,48,"485,761",174,17,"2,378",6.53,13.36,21.15,12.32,8.43,9.02,12.41,9.89,6.89,47.92,43.75,"1,333"
2461,朝倉駅前,174,"2,976","1,487",49.97,313,"1,998",539,"5,668","1,554",924,59,33,"480,222",131,8,"3,462",7.44,13.96,22.28,12.46,9.02,9.16,11.68,8.81,5.19,45.45,39.39,"1,319"
2462,朝倉神社前,47,"2,459","1,243",50.55,261,"1,652",449,"3,206","1,267",743,59,22,"402,317",95,5,"1,502",7.54,13.52,21.57,12.25,9.19,10.08,11.78,8.86,5.21,40.91,31.82,959
2463,宮の奥,87,"1,595",742,46.52,153,950,464,977,728,345,47,7,"134,294",44,3,0,6.19,10.4,13.4,10.53,8.93,13.02,13.72,11.42,12.38,42.86,14.29,308
2464,咥内,122,"1,172",515,43.94,113,604,451,911,408,106,26,4,"18,282",33,4,0,5.99,8.05,8.22,10.36,8.9,12.16,14.3,12.41,19.61,50,25,317
2465,宇治団地前,100,"1,845",853,46.23,279,"1,157",408,"1,577",740,160,22,10,"23,905",59,6,368,9.92,9.86,9,14.47,11.33,12.85,17.89,9.05,5.64,30,50,505
2466,八代通,278,"2,725","1,253",45.98,411,"1,698",615,"2,113","1,093",243,22,18,"108,627",99,10,291,9.91,10.02,8.3,14.02,11.75,13.4,17.22,9.73,5.65,27.78,55.56,783
2467,中山,92,"2,472","1,148",46.44,352,"1,530",590,"2,041",990,224,23,22,"132,686",100,13,293,9.42,9.62,8.17,13.38,11.93,13.75,16.98,10.76,5.98,31.82,50,776
2468,枝川,159,"2,142","1,019",47.57,291,"1,296",555,"2,085",850,189,22,26,"124,825",94,14,501,8.97,9.01,8.69,11.96,12.24,13.59,16.86,11.77,6.91,38.46,46.15,711
2469,伊野商業前,90,"1,264",613,48.5,166,744,354,"1,306",482,94,20,20,"60,848",45,7,419,8.93,7.91,9.41,11.23,11.62,13.68,17.15,12.17,7.91,45,45,363
2470,北山,39,849,375,44.17,97,441,310,905,293,62,21,17,"87,449",40,4,11,7.88,7.06,7.76,10.12,10,12.35,14.82,12.82,17.18,47.06,41.18,482
2471,鳴谷,50,"1,740",762,43.79,176,871,693,"2,510",653,184,28,51,"305,734",163,14,109,6.5,7.02,6.9,9.32,9.89,12.08,14.78,14.49,19.03,41.18,49.02,"1,488"
2472,伊野駅前,53,"2,212",990,44.76,230,"1,152",830,"3,389",875,255,29,75,"424,112",241,19,286,6.69,6.87,6.96,10.44,9.67,12.84,16.32,14.01,16.18,41.33,52,"1,990"
2473,伊野,405,"2,270","1,036",45.64,238,"1,213",820,"3,453",923,274,30,80,"408,006",254,19,343,6.79,6.92,6.96,10.93,9.7,13.18,17.32,13.79,14.41,42.5,52.5,"2,005"
2474,北内,190,900,422,46.89,115,512,273,853,328,63,19,16,"60,624",32,4,142,8.99,7.33,8.88,11.54,10.65,13.43,16.65,11.76,10.77,50,43.75,325
2475,高知駅前,"1,577","5,881","2,585",43.96,616,"3,348","1,754","10,672","2,960","1,585",54,109,"1,475,113",644,50,860,6.87,8.11,9.62,12.24,11.19,12.7,15.58,12.43,11.25,51.38,41.28,"7,373"
2476,高知橋,387,"5,087","2,265",44.53,491,"2,871","1,537","15,321","2,561","1,423",56,265,"3,209,347","1,316",117,917,6.17,7.86,9.41,12.21,11.23,13.01,15.46,12.09,12.58,67.92,28.68,"12,302"
2477,蓮池町通,315,"4,206","1,898",45.13,344,"2,401","1,266","17,714","2,198","1,257",57,447,"4,567,860","1,972",183,745,5.14,6.88,9.38,12.84,11.55,13.39,15.96,12.14,12.72,73.15,25.28,"15,261"
2478,はりまや橋,"4,532","4,173","1,877",44.98,320,"2,408","1,245","16,303","2,249","1,296",58,440,"4,161,813","1,900",174,640,4.96,6.27,9.56,13.34,11.53,13.52,16.39,12.18,12.26,73.18,25.68,"13,971"
2479,梅の辻,542,"5,490","2,468",44.95,476,"3,262","1,549","8,372","3,018","1,694",56,101,"517,051",539,37,"2,039",5.96,6.54,10.02,13.49,12.31,13.79,15.6,11.71,10.57,52.48,44.55,"4,110"
2480,桟橋通一丁目,544,"6,312","2,857",45.26,691,"3,826","1,630","7,854","3,317","1,727",52,93,"512,944",498,43,"2,031",7.4,8.01,9.52,13.83,13.36,13.38,14.48,11,9.02,45.16,48.39,"3,383"
2481,桟橋通二丁目,260,"6,612","3,032",45.86,854,"4,078","1,525","7,221","3,386","1,689",50,84,"636,757",475,45,"1,330",8.77,9.01,9.19,14.81,14.25,12.89,13.55,10.3,7.23,45.24,48.81,"3,446"
2482,桟橋通三丁目,794,"6,431","2,978",46.31,850,"3,970","1,463","7,541","3,243","1,558",48,72,"561,703",437,40,"1,196",8.93,9.44,8.45,14.85,14.69,12.66,14.07,10.38,6.53,47.22,47.22,"3,949"
2483,桟橋通四丁目,353,"5,065","2,392",47.23,660,"3,139","1,134","7,356","2,564","1,230",48,49,"473,814",344,29,"1,334",8.79,9.5,8.25,15.09,14.91,12.56,14.63,10.25,6.02,48.98,44.9,"4,138"
2484,桟橋車庫前,520,"2,505","1,228",49.02,303,"1,547",576,"4,920","1,304",654,50,26,"410,253",208,16,968,8.21,8.87,9.24,15.47,13.33,12.91,15.59,10.31,6.06,42.31,38.46,"3,006"
2485,桟橋通五丁目,197,"1,645",814,49.48,200,"1,017",375,"3,913",861,440,51,20,"336,601",163,13,782,8.24,8.68,9.75,15.85,12.58,13.33,15.22,10.13,6.23,40,35,"2,516"
2486,西ケ方,6,76,31,40.79,11,41,24,73,34,13,38,0,0,1,0,18,9.09,10.39,5.19,12.99,7.79,18.18,11.69,19.48,5.19,0,0,10
2487,江川崎,56,33,17,51.52,4,27,6,103,14,4,29,6,"5,374",15,0,0,7.69,10.26,5.13,17.95,5.13,23.08,12.82,10.26,7.69,16.67,33.33,85
2488,半家,8,57,27,47.37,7,27,21,36,18,5,28,0,0,2,0,0,5.45,10.91,3.64,7.27,16.36,10.91,14.55,18.18,12.73,0,0,5
2489,十川,20,164,77,46.95,18,73,78,284,67,15,22,15,"56,921",29,2,0,6.43,5.26,2.34,7.02,6.43,16.96,19.3,22.22,14.04,26.67,53.33,195
2490,土佐昭和,24,229,105,45.85,18,106,108,434,105,37,35,12,"14,682",37,2,99,4.37,4.37,4.37,6.11,7.86,15.28,19.21,22.71,15.72,33.33,66.67,234
2491,土佐大正,62,622,284,45.66,74,320,228,929,267,86,32,19,"48,710",74,5,193,8.52,8.52,5.79,9.32,9.65,15.11,13.18,15.59,14.31,36.84,52.63,409
2492,打井川,2,37,17,45.95,7,17,13,23,12,2,17,0,0,2,0,0,13.89,8.33,5.56,13.89,2.78,19.44,11.11,13.89,11.11,0,0,3
2493,家地川,2,46,20,43.48,3,14,23,48,19,5,26,1,0,2,0,7,4.88,4.88,4.88,4.88,4.88,14.63,17.07,24.39,19.51,0,100,9
2494,若井,160,116,56,48.28,9,55,52,79,42,10,24,1,0,3,0,0,4.39,5.26,4.39,7.89,10.53,14.91,16.67,21.05,14.91,0,100,10
2495,窪川,962,"1,548",696,44.96,199,809,538,"2,684",678,249,37,93,"687,295",271,23,408,8.27,7.49,7.43,11.82,9.56,12.21,15.5,13.44,14.28,54.84,35.48,"1,610"
