index,駅名,乗降客数（日）,人口総数,男性人口,男性人口比率,0～14歳人口,15～64歳人口,65歳以上人口,昼間人口,世帯数,一人世帯数,一人世帯率,小売事業所数,小売業年間商品販売額,全産業事業所数,飲食店事業所数,生徒学生数,0～9歳人口(比率),10～19歳人口(比率),20～29歳人口(比率),30～39歳人口(比率),40～49歳人口(比率),50～59歳人口(比率),60～69歳人口(比率),70～79歳人口(比率),80歳以上人口(比率),買回り品(事業所数比率),最寄り品(事業所数比率),全産業従業者総数
1,二川,"5,168","24,584","12,173",49.52,"3,702","15,746","4,998","18,878","8,775","2,304",26.26,130,"1,906,233",697,43,"1,696",9.73,10.08,10.65,15.48,13.08,12.15,14.77,8.45,5.6,44.62,42.31,"8,498"
2,豊橋,"52,992","69,071","34,155",49.45,"8,991","43,453","15,685","79,458","28,861","10,308",35.72,"1,270","13,391,610","5,752",466,"8,464",8.58,9.18,10.79,14.41,13.73,12.69,13.67,10.46,6.5,55.2,35.51,"47,826"
3,西小坂井,"2,572","24,971","12,346",49.44,"3,433","15,629","5,797","20,670","8,603","1,718",19.97,168,"1,816,985",899,50,"3,229",8.98,9.64,10.24,13.97,12.89,12.7,15.23,10.52,5.84,41.67,41.07,"8,607"
4,愛知御津,"2,638","15,983","7,778",48.66,"2,299","9,850","3,763","12,088","5,345","1,089",20.37,124,"770,083",689,27,"1,487",9.4,9.52,10.95,14,12.14,12.61,14.39,10.14,6.85,42.74,41.13,"4,728"
5,三河大塚,"2,528","7,900","4,085",51.71,"1,232","4,884","1,765","7,557","2,455",517,21.06,87,"688,498",350,30,"1,926",7.98,15.78,9.45,12.7,12.07,11.88,13.92,9.33,6.9,57.47,32.18,"2,935"
6,三河三谷,"3,940","27,400","13,240",48.32,"3,507","16,873","6,933","23,779","9,957","2,573",25.84,324,"2,795,390","1,600",117,"2,999",8.07,9.74,10.26,13.07,13.2,12.21,15.1,11.68,6.67,43.21,45.06,"11,624"
7,蒲郡,"14,386","31,325","15,438",49.28,"4,189","19,514","7,454","32,346","11,631","3,113",26.76,465,"4,628,747","2,201",160,"3,661",8.81,9.5,11.1,13.69,13.43,11.83,14.49,10.95,6.18,47.53,40.65,"18,466"
8,三河塩津,"2,674","17,203","8,668",50.39,"2,291","10,908","3,852","19,576","6,365","1,867",29.33,183,"2,669,093",993,64,"2,631",8.88,9.98,12.21,14.22,13.28,11.39,14.15,10.23,5.66,37.16,38.8,"11,545"
9,三ケ根,"2,420","6,413","3,190",49.74,921,"4,161","1,327","7,380","2,128",393,18.47,31,"198,278",268,16,"1,484",8.99,10.74,11.33,14.61,13.34,11.88,15.31,8.96,4.85,41.94,32.26,"3,940"
10,幸田,"7,586","19,451","9,792",50.34,"3,420","13,035","2,982","17,940","6,768","1,673",24.72,128,"1,242,778",720,53,"1,901",11.99,10.61,12.66,17.34,13.98,11.26,11.83,6.54,3.78,43.75,39.84,"10,450"
11,岡崎,"33,066","70,379","35,231",50.06,"11,343","48,367","10,389","54,343","26,666","7,134",26.75,596,"11,589,368","2,537",241,"7,647",10.49,11.2,12.63,16.54,15.44,12.42,11.17,6.52,3.6,49.33,35.74,"25,709"
12,西岡崎,"3,434","21,416","10,739",50.14,"3,364","14,084","3,931","16,283","7,549","1,769",23.43,71,"658,589",649,41,"1,542",10.48,10.01,13.41,16.02,13.14,11.29,13.65,7.46,4.53,32.39,38.03,"7,617"
13,安城,"21,520","55,566","28,181",50.72,"8,997","37,404","8,869","50,663","21,790","6,605",30.31,534,"7,054,446","2,551",235,"9,999",10.9,10.55,12.17,16.91,15.72,11.3,11.44,7.28,3.72,55.99,30.52,"24,522"
14,三河安城,"10,832","49,607","25,874",52.16,"8,604","34,605","6,108","43,559","19,865","6,643",33.44,284,"7,332,865","1,680",141,"5,305",11.49,11.42,13.38,18.01,16.41,10.63,10.66,5.32,2.68,42.96,33.8,"24,192"
15,東刈谷,"10,219","54,512","28,598",52.46,"8,864","37,883","7,470","40,988","21,883","7,433",33.97,252,"4,881,831","1,544",139,"5,757",10.49,11.45,13.32,17.38,15.93,10.9,11.68,5.86,2.98,40.48,42.06,"19,163"
16,刈谷,"56,142","51,458","26,397",51.3,"7,894","34,518","8,714","77,145","20,619","6,925",33.59,523,"7,838,107","2,619",242,"6,496",10.42,9.73,13.7,17.03,14.64,10.96,11.61,7.62,4.28,49.9,38.81,"54,143"
17,逢妻,"3,939","38,405","20,096",52.33,"5,762","25,962","6,415","62,835","15,962","5,727",35.88,492,"6,929,629","2,252",208,"5,365",10.15,9.66,15.05,16.76,14.33,10.89,11.39,7.59,4.17,51.83,36.99,"45,234"
18,大府,"25,424","45,578","23,431",51.41,"7,949","29,780","7,748","37,615","17,710","4,995",28.2,268,"3,617,795","1,382",113,"4,981",12.02,9.98,12.11,18.35,14.06,9.79,12.29,7.72,3.68,44.78,40.3,"18,798"
19,共和,"15,946","44,341","22,790",51.4,"7,542","29,456","7,209","39,863","17,831","5,583",31.31,270,"5,856,743","1,680",137,"5,038",11.98,9.91,12.67,18.84,13.45,9.92,13.04,7.23,2.95,45.93,35.93,"21,917"
20,大高,"11,366","55,316","27,623",49.94,"7,669","35,868","11,394","53,393","22,207","6,428",28.95,375,"4,818,461","2,842",195,"5,409",9.4,9.08,11.92,15.91,13.01,12.08,14.28,9.39,4.93,46.67,36,"29,429"
21,笠寺,"13,452","88,548","44,876",50.68,"10,415","55,803","21,471","89,812","38,302","13,986",36.52,698,"9,739,025","4,437",413,"11,197",7.54,8.85,11.32,13.52,12.96,12.87,15.83,11.24,5.87,49.86,38.4,"46,019"
22,熱田,"5,594","107,353","52,971",49.34,"11,002","69,283","25,376","157,915","51,426","23,250",45.21,"1,272","19,409,182","8,225",801,"22,410",6.92,7.51,12.56,14.77,13.36,12.77,14.66,10.62,6.83,55.5,37.66,"100,539"
23,金山,"112,000","115,145","56,120",48.74,"10,897","74,948","24,159","169,319","60,185","31,705",52.68,"1,744","25,322,791","10,745","1,040","13,141",6.68,7.08,14.21,15.87,13.74,12.71,13.92,9.91,5.87,61.12,32.51,"123,568"
24,尾頭橋,"5,944","111,011","54,735",49.31,"10,652","72,261","23,126","160,769","58,268","31,090",53.36,"1,628","20,379,213","10,415",979,"12,531",6.79,7.09,14.33,16.16,13.62,12.5,13.9,9.93,5.68,60.26,33.35,"116,697"
25,名古屋,"397,008","108,280","54,284",50.13,"8,649","69,500","25,394","356,806","60,362","35,704",59.15,"2,252","54,814,813","19,613","1,790","21,816",5.54,6.73,15.28,15.15,13.3,12.02,13.99,11.24,6.75,57.95,37.61,"302,587"
26,枇杷島,"6,364","64,082","32,059",50.03,"8,445","41,168","13,949","59,123","26,582","8,991",33.82,436,"4,539,642","3,051",237,"7,516",8.97,8.65,11.68,16.18,13.37,11.73,13.86,10.26,5.29,45.41,42.43,"30,627"
27,清洲,"7,396","37,140","18,607",50.1,"5,450","23,957","7,564","33,861","13,848","3,606",26.04,290,"4,173,600","1,648",146,"4,827",10.05,9.79,11.59,16.73,13.07,10.93,14.02,9.25,4.57,42.76,43.45,"17,004"
28,稲沢,"13,726","41,549","20,988",50.51,"6,341","27,883","7,288","38,646","15,936","4,500",28.24,271,"3,014,727","1,617",158,"4,477",10.27,9.93,12.27,17.43,14.21,11.15,12.73,7.87,4.13,43.91,40.22,"21,032"
29,尾張一宮,"52,510","82,388","39,813",48.32,"12,112","52,825","16,794","78,778","32,897","9,789",29.76,"1,025","14,133,967","4,900",534,"11,186",9.65,10.06,10.48,15.4,15.03,11.76,13.16,9.63,4.84,56.59,34.54,"40,414"
30,木曽川,"7,416","38,345","18,649",48.63,"5,659","23,957","8,455","30,127","13,307","2,540",19.09,354,"4,996,669","1,753",174,"4,144",9.67,10.09,9.89,15.19,13.49,11.7,14.85,10.29,4.83,62.15,28.25,"13,266"
31,名古屋,"397,008","108,280","54,284",50.13,"8,649","69,500","25,394","356,806","60,362","35,704",59.15,"2,252","54,814,813","19,613","1,790","21,816",5.54,6.73,15.28,15.15,13.3,12.02,13.99,11.24,6.75,57.95,37.61,"302,587"
32,金山,"126,638","115,145","56,120",48.74,"10,897","74,948","24,159","169,319","60,185","31,705",52.68,"1,744","25,322,791","10,745","1,040","13,141",6.68,7.08,14.21,15.87,13.74,12.71,13.92,9.91,5.87,61.12,32.51,"123,568"
33,鶴舞,"38,896","124,808","60,401",48.4,"9,618","79,973","25,651","316,383","73,587","46,535",63.24,"3,252","73,580,316","20,016","2,098","27,461",5.76,6.49,16.22,15.94,13.66,12.35,13.19,9.89,6.49,72.2,23.46,"256,073"
34,千種,"54,908","136,460","66,509",48.74,"12,240","89,023","27,855","231,471","76,835","45,696",59.47,"2,138","35,419,450","14,856","1,665","31,908",6.41,7.11,14.75,15.82,14.51,12.56,13.01,9.58,6.24,63.94,30.36,"162,092"
35,大曽根,"57,592","132,062","64,128",48.56,"14,266","86,136","29,016","137,089","64,569","29,529",45.73,"1,194","14,406,242","7,467",795,"23,821",7.32,7.76,12.47,15.28,13.91,12.85,14.38,10.14,5.89,53.18,39.87,"70,751"
36,新守山,"14,176","93,262","46,247",49.59,"11,968","60,273","19,868","82,585","40,571","14,676",36.17,501,"7,241,336","3,828",323,"9,519",8.58,8.75,11.75,15.62,13.8,12.03,14.54,9.87,5.06,44.11,44.51,"41,571"
37,勝川,"31,756","65,775","32,984",50.15,"10,131","43,096","12,203","57,913","26,658","7,629",28.62,483,"7,744,206","3,251",288,"6,092",10.56,9.42,11.32,18.29,14.19,10.59,13.33,8.66,3.64,49.07,34.78,"30,799"
38,春日井,"30,864","63,554","31,885",50.17,"9,914","41,018","12,268","51,873","25,436","7,347",28.88,499,"9,060,276","2,573",269,"6,889",10.54,9.54,10.89,17.35,14.01,10.91,13.74,8.75,4.27,53.91,30.86,"23,510"
39,神領,"22,106","44,882","22,880",50.98,"8,085","28,975","7,549","38,730","17,560","4,978",28.35,204,"4,112,582","1,160",100,"11,580",13.09,9.74,12.19,20.36,12.74,8.75,11.87,7.63,3.63,39.71,35.78,"13,352"
40,高蔵寺,"39,900","40,707","20,272",49.8,"6,451","26,852","7,212","28,413","16,166","4,339",26.84,288,"4,271,138","1,222",126,"4,575",11.08,9.65,11.84,17.15,13.04,11.78,13.91,7.79,3.75,47.57,38.19,"11,211"
41,定光寺,234,"8,685","4,201",48.37,"1,493","5,404","1,775","4,855","2,984",370,12.4,6,"49,092",102,13,"1,004",11.24,10.32,7.91,15.11,13.18,11.28,18.75,8.34,3.87,16.67,66.67,833
42,豊橋,"52,992","69,071","34,155",49.45,"8,991","43,453","15,685","79,458","28,861","10,308",35.72,"1,270","13,391,610","5,752",466,"8,464",8.58,9.18,10.79,14.41,13.73,12.69,13.67,10.46,6.5,55.2,35.51,"47,826"
43,船町,276,"42,941","21,284",49.57,"6,225","26,953","9,259","53,130","17,098","5,403",31.6,820,"9,327,906","3,811",306,"4,965",9.7,9.5,10.9,15.61,13.75,11.58,13.08,10.07,5.81,54.88,33.29,"34,345"
44,下地,342,"33,152","16,480",49.71,"5,075","20,946","6,770","32,894","12,758","3,737",29.29,351,"5,117,836","2,069",137,"3,630",10.2,9.98,11.12,16.15,13.84,11.24,12.65,9.47,5.35,41.88,34.47,"18,610"
45,小坂井,820,"27,953","13,793",49.34,"3,816","17,509","6,487","24,514","9,870","2,184",22.13,223,"3,288,226","1,122",70,"3,157",8.91,9.54,10.33,14.05,12.94,12.63,15.38,10.34,5.88,43.05,39.01,"11,351"
46,牛久保,"1,598","34,904","17,112",49.03,"4,934","21,861","7,897","33,013","12,988","3,473",26.74,492,"6,499,355","1,942",151,"4,561",9.4,9.62,10.25,14.43,13,12.55,14.56,9.94,6.25,50.61,35.98,"15,892"
47,豊川,"6,124","40,730","20,167",49.51,"6,098","25,971","8,409","40,611","15,343","4,142",27,591,"7,205,152","2,331",196,"5,795",9.89,10.35,10.53,14.91,13.88,12.05,13.76,9.22,5.41,47.88,34.86,"21,057"
48,三河一宮,"1,618","16,432","8,325",50.66,"2,724","10,791","2,830","15,723","5,678","1,313",23.12,136,"1,923,549",768,54,"1,691",11.15,10.15,11.18,16.8,13.26,12.21,13.8,7.44,4.02,38.24,41.18,"8,518"
49,長山,406,"10,011","5,072",50.66,"1,476","6,448","2,057","9,264","3,251",637,19.59,59,"573,338",369,23,"1,654",9.74,9.8,10.61,14.71,12.44,13.41,15.2,8.77,5.32,35.59,50.85,"4,063"
50,江島,188,"7,436","3,725",50.09,"1,003","4,770","1,652","6,421","2,416",483,19.99,37,"290,046",253,16,612,8.81,9.4,10.99,13.37,11.58,13.95,16.37,9.21,6.33,29.73,54.05,"3,179"
51,東上,298,"7,204","3,602",50,"1,040","4,688","1,476","4,873","2,352",402,17.09,33,"322,123",235,13,7,9.36,9.91,11.29,13.8,11.95,14.09,15.77,7.86,5.97,18.18,57.58,"2,427"
52,野田城,592,"11,839","5,961",50.35,"1,727","7,443","2,674","10,884","3,981",817,20.52,137,"1,495,724",552,38,"1,427",9.08,10.76,10.16,12.93,12.41,13.85,14.62,9.78,6.41,43.8,43.07,"5,375"
53,新城,"2,196","15,636","7,745",49.53,"2,263","9,532","3,835","16,154","5,538","1,335",24.11,241,"2,455,267",953,65,"2,809",9.13,10.51,9.99,12.57,12.48,13.43,13.43,11.16,7.3,56.02,33.61,"7,820"
54,東新町,"1,088","15,641","7,642",48.86,"2,238","9,375","4,015","16,433","5,395","1,231",22.82,238,"2,577,028",968,62,"3,139",8.97,10.17,9.58,12.48,12.16,13.49,13.48,11.36,8.3,54.62,33.61,"7,572"
55,茶臼山,864,"12,977","6,367",49.06,"1,905","7,805","3,266","12,533","4,451","1,055",23.7,150,"1,533,868",683,38,"2,374",9.34,10.27,10.01,12.73,11.84,13.24,13.35,10.88,8.34,55.33,30.67,"5,400"
56,三河東郷,192,"7,358","3,641",49.48,"1,092","4,515","1,751","7,891","2,455",592,24.11,42,"423,290",280,14,"1,861",9.24,10.83,11.01,12.84,11.39,13.45,13.21,9.55,8.47,30.95,45.24,"3,267"
57,大海,390,"4,029","1,990",49.39,530,"2,436","1,053","4,820","1,315",210,15.97,38,"211,444",213,17,550,7.56,9.78,8.83,10.55,11.09,16.29,16.69,11.14,8.06,26.32,55.26,"2,751"
58,鳥居,102,"3,906","1,931",49.44,537,"2,368",999,"4,898","1,289",202,15.67,34,"193,077",203,17,698,8.12,10.15,8.89,10.99,11.25,15.55,16.32,10.97,7.76,23.53,55.88,"2,737"
59,長篠城,118,"4,700","2,307",49.09,611,"2,854","1,243","4,826","1,567",273,17.42,47,"247,902",238,16,552,7.56,9.71,9.28,10.58,11.13,15.72,16.4,11.53,8.09,31.91,53.19,"2,557"
60,本長篠,"1,060","2,927","1,411",48.21,369,"1,780",785,"3,105",996,199,19.98,37,"231,768",149,10,552,7.77,8.89,9.68,10.73,10.9,15.37,16.8,11.82,8.04,32.43,48.65,"1,478"
61,三河大野,452,"2,053",966,47.05,198,"1,152",683,"1,736",698,143,20.49,33,"100,698",137,12,162,5.66,8.56,6.99,9.35,10.68,15.4,17.96,14.27,11.12,33.33,45.45,730
62,湯谷温泉,284,919,443,48.2,82,526,314,847,311,63,20.26,8,"16,038",60,7,0,5.1,7.71,7.38,9.01,8.47,16.83,19.98,12.6,12.92,50,37.5,439
63,三河槙原,112,629,314,49.92,57,355,217,512,201,38,18.91,4,0,33,4,0,6.04,7,7.31,9.06,8.43,17.49,20.35,12.08,12.24,75,25,236
64,柿平,40,438,229,52.28,43,229,161,325,135,21,15.56,2,1,17,2,0,6.24,6.93,8.08,8.78,10.62,15.94,15.94,18.71,8.78,50,0,110
65,三河川合,184,655,324,49.47,40,330,285,497,229,40,17.47,11,"5,664",38,2,28,3.21,6.87,6.56,5.5,11.15,16.03,16.95,20.31,13.44,54.55,36.36,137
66,池場,16,560,261,46.61,32,267,263,491,189,45,23.81,4,"14,935",18,1,10,3.02,5.69,2.14,4.45,11.39,16.55,17.97,21.89,16.9,0,100,117
67,東栄,302,651,299,45.93,34,294,320,721,235,62,26.38,15,"33,267",54,3,26,2.62,5.39,3.08,4.01,10.32,15.87,16.8,22.19,19.72,33.33,53.33,264
68,大府,"25,424","45,578","23,431",51.41,"7,949","29,780","7,748","37,615","17,710","4,995",28.2,268,"3,617,795","1,382",113,"4,981",12.02,9.98,12.11,18.35,14.06,9.79,12.29,7.72,3.68,44.78,40.3,"18,798"
69,尾張森岡,606,"31,297","16,276",52,"4,635","20,358","6,216","27,558","12,599","4,091",32.47,235,"2,939,698","1,219",96,"2,946",9.89,9.6,13.45,16.52,13.31,10.24,12.9,9.21,4.88,46.38,40.85,"14,214"
70,緒川,"2,554","28,158","14,379",51.07,"4,274","18,232","5,537","23,846","11,064","3,386",30.6,225,"2,760,099","1,033",67,"3,616",10.11,9.93,13.3,16.55,13.01,10.37,12.88,9.12,4.75,45.78,43.11,"10,561"
71,石浜,"1,432","26,264","13,374",50.92,"4,193","17,156","4,828","23,704","10,035","2,909",28.99,139,"1,705,050",914,64,"3,130",10.2,10.95,13.19,16.89,13.3,10.27,12.54,8.35,4.31,41.73,46.04,"11,808"
72,東浦,"3,258","22,605","11,428",50.56,"3,707","14,657","4,182","18,289","7,979","1,911",23.95,109,"989,732",727,48,"1,636",10.22,11.8,12.03,15.27,14.57,10.84,12.16,8.15,4.95,42.2,47.71,"9,458"
73,亀崎,"3,994","34,036","17,070",50.15,"5,419","21,746","6,757","31,273","12,385","2,903",23.44,187,"1,690,307","1,026",62,"5,571",10.14,11.07,10.99,14.48,14.27,11.76,13.31,9.14,4.85,40.11,43.85,"13,959"
74,乙川,"1,516","45,004","22,492",49.98,"6,541","29,387","8,892","46,011","17,277","4,693",27.16,488,"6,399,608","2,339",201,"4,855",9.37,10.39,12.11,14.88,13.94,12.07,13.06,9.05,5.13,48.98,37.09,"26,263"
75,半田,"3,268","51,242","25,540",49.84,"7,578","33,640","9,793","52,346","20,276","5,977",29.48,611,"8,362,060","2,783",259,"7,356",9.62,10.59,11.91,15.09,14.63,11.95,12.61,8.68,4.92,50.57,36.01,"28,285"
76,東成岩,738,"41,382","20,921",50.56,"6,535","27,245","7,396","35,631","16,463","5,025",30.52,397,"6,842,049","1,806",176,"3,352",10.44,10.37,12.16,16.41,14.3,11.26,12.99,8.05,4.03,44.33,38.29,"19,007"
77,武豊,"1,622","29,805","15,478",51.93,"4,615","19,405","5,694","25,129","11,827","3,608",30.51,216,"3,071,458","1,079",93,"3,218",10.25,10.24,11.61,15.65,14,11.36,14.56,8.26,4.06,44.91,39.35,"12,195"
78,名古屋,"397,008","108,280","54,284",50.13,"8,649","69,500","25,394","356,806","60,362","35,704",59.15,"2,252","54,814,813","19,613","1,790","21,816",5.54,6.73,15.28,15.15,13.3,12.02,13.99,11.24,6.75,57.95,37.61,"302,587"
79,八田,"1,838","96,713","48,505",50.15,"12,134","63,917","19,490","79,894","42,669","16,885",39.57,577,"7,036,015","4,243",450,"10,859",8.46,8.86,12.35,16.44,14.22,11.74,13.93,9.51,4.5,46.97,39.34,"37,710"
80,春田,"3,784","71,766","35,203",49.05,"11,832","46,217","13,343","51,053","27,480","6,932",25.23,352,"5,691,243","2,124",186,"8,535",10.92,11.19,11.1,16.41,14.61,10.63,12.39,8.91,3.83,48.3,39.77,"18,327"
81,蟹江,"6,014","56,076","27,758",49.5,"8,439","35,624","11,715","39,939","21,309","5,412",25.4,372,"5,340,706","1,922",220,"4,691",9.96,10.18,10.34,16.05,14.15,10.96,14.37,9.67,4.33,45.7,40.86,"16,818"
82,永和,"2,280","27,663","13,727",49.62,"3,904","17,759","5,873","20,380","10,030","2,209",22.02,168,"1,867,762","1,075",117,"2,002",9.13,9.9,10.09,14.93,13.55,12.13,16.76,9.28,4.22,39.88,41.67,"9,430"
83,弥富,"1,988","27,078","13,413",49.53,"4,230","17,356","5,323","21,551","9,962","2,437",24.46,230,"2,988,928","1,213",80,"2,693",10.47,10.13,11.67,16.47,13.32,10.88,13.75,9.07,4.25,49.57,42.17,"9,690"
84,高畑,"21,006","97,301","48,829",50.18,"12,874","64,158","19,187","83,820","42,007","15,852",37.74,621,"9,155,771","4,692",502,"10,009",8.9,9.07,12.11,16.99,14.16,11.43,13.76,9.16,4.43,43.96,38.49,"42,621"
85,八田,"11,900","102,460","51,549",50.31,"12,314","67,358","21,473","86,854","46,145","19,073",41.33,661,"8,207,792","4,911",515,"9,673",8.09,8.55,12.36,16.32,14.07,11.77,14.14,9.92,4.8,47.5,38.43,"43,921"
86,岩塚,"15,055","112,719","56,409",50.04,"11,813","72,375","26,729","99,469","54,141","25,119",46.4,879,"8,503,756","5,619",627,"13,115",6.93,8.04,12.65,14.98,13.47,11.9,14.99,11.28,5.75,48.46,43.12,"47,985"
87,中村公園,"23,916","108,036","54,085",50.06,"10,221","68,653","27,120","101,093","53,971","26,791",49.64,964,"9,469,325","5,805",633,"14,541",6.2,7.66,13.26,14.33,13.06,11.88,15.35,11.99,6.28,48.86,43.15,"49,350"
88,中村日赤,"8,973","111,131","55,745",50.16,"10,241","70,573","27,913","149,004","56,648","29,176",51.5,"1,301","23,309,947","8,172",874,"18,140",6.15,7.45,13.67,14.44,12.89,11.81,15.08,12.02,6.5,51.5,42.35,"93,000"
89,本陣,"14,121","108,875","54,440",50,"9,862","68,796","27,738","193,692","55,901","29,188",52.21,"1,619","38,036,073","10,246","1,040","19,755",6.1,7.21,13.81,14.5,12.78,11.76,14.85,12.21,6.78,53.3,41.69,"137,005"
90,亀島,"8,473","110,011","54,807",49.82,"9,285","69,854","27,524","280,489","58,368","32,206",55.18,"1,934","44,700,296","14,791","1,333","24,279",5.78,6.89,14.39,14.7,13.03,11.85,14.38,11.94,7.05,54.34,40.69,"221,153"
91,名古屋,"357,650","108,246","54,258",50.12,"8,645","69,469","25,416","356,889","60,316","35,656",59.12,"2,248","54,676,648","19,606","1,787","21,879",5.53,6.73,15.28,15.15,13.29,12.02,13.99,11.25,6.76,57.87,37.72,"302,599"
92,伏見,"89,528","93,635","46,024",49.15,"6,537","60,355","18,528","512,316","57,396","38,196",66.55,"3,870","106,717,855","28,653","2,732","24,446",5.27,6,16.5,16.59,14.27,12.46,13.09,9.65,6.17,72.4,24.88,"465,183"
93,栄,"224,228","105,460","50,668",48.04,"7,615","67,411","20,086","455,564","64,958","43,375",66.77,"3,571","81,257,200","27,076","2,607","22,259",5.51,6.22,15.84,16.65,14.78,12.58,13,9.28,6.13,73.45,23.07,"408,033"
94,新栄町,"27,728","118,476","57,331",48.39,"9,634","76,553","23,348","380,763","70,041","44,471",63.49,"3,262","74,037,083","23,429","2,427","30,682",6.02,6.61,15.36,16.43,14.63,12.38,13.02,9.48,6.08,72.38,23.73,"319,410"
95,千種,"51,090","135,528","66,022",48.71,"12,004","88,351","27,616","245,765","76,789","46,045",59.96,"2,302","42,015,834","15,599","1,733","32,228",6.35,7.05,14.84,15.84,14.51,12.56,13.04,9.58,6.24,65.68,28.93,"176,529"
96,今池,"41,847","139,036","68,215",49.06,"13,180","90,936","29,120","175,297","75,666","42,879",56.67,"1,621","17,832,200","11,367","1,250","31,647",6.62,7.46,14.57,15.54,14.29,12.43,13,9.74,6.34,57.99,35.16,"103,646"
97,池下,"27,428","138,621","68,673",49.54,"13,539","91,294","29,558","139,886","74,162","40,823",55.05,"1,418","14,130,690","9,063",970,"23,800",6.68,7.81,15.05,15.13,14.04,12.17,12.89,9.9,6.33,56.98,36.95,"74,526"
98,覚王山,"19,010","132,678","65,952",49.71,"13,850","87,558","27,765","127,152","70,296","37,833",53.82,"1,194","10,725,255","7,402",811,"27,480",7.08,8.07,15.09,14.87,14.27,12.14,12.68,9.74,6.05,55.61,38.86,"58,859"
99,本山,"28,989","100,698","49,343",49,"11,778","66,174","20,374","105,704","51,388","25,818",50.24,754,"7,925,722","3,991",432,"39,312",7.93,8.75,14.72,14.69,14.71,11.74,12.24,9.37,5.84,58.49,37.14,"34,904"
100,東山公園,"15,097","84,436","41,249",48.85,"10,884","56,136","15,628","100,757","42,340","20,689",48.86,549,"7,812,938","2,750",297,"44,628",8.9,8.99,14.57,15.53,15.28,11.33,11.64,8.65,5.1,60.29,34.43,"29,253"
101,星ケ丘,"51,162","91,301","44,135",48.34,"13,691","60,323","15,648","83,213","42,131","17,476",41.48,548,"10,338,340","3,152",299,"22,212",10.29,9.64,11.73,16.61,16.47,11.44,11.34,7.92,4.56,55.47,33.58,"31,521"
102,一社,"27,933","106,761","51,622",48.35,"16,512","70,647","18,128","97,049","47,750","18,394",38.52,610,"12,081,006","3,955",389,"23,892",10.25,10.42,11.28,16.38,16.5,11.51,11.58,7.77,4.31,52.46,34.59,"38,672"
103,上社,"22,554","115,124","56,039",48.68,"17,012","77,104","18,739","96,848","52,845","22,128",41.87,693,"10,561,312","4,618",451,"14,516",9.81,10.46,12.61,16.38,16.22,11.54,11.46,7.43,4.08,51.8,36.65,"46,192"
104,本郷,"23,314","109,904","53,852",49,"16,778","74,579","16,416","88,479","50,205","21,311",42.45,639,"9,955,938","4,315",407,"9,856",10.27,10.64,13.35,16.94,16.21,11.2,10.92,6.7,3.76,50.39,38.97,"45,824"
105,藤が丘,"58,658","103,669","50,859",49.06,"15,533","70,112","16,313","79,894","46,351","18,639",40.21,611,"9,320,125","3,822",379,"7,894",10.08,10.49,13.29,16.8,15.63,11.1,11.86,7.08,3.68,50.08,36.82,"39,950"
106,砂田橋,"14,259","117,323","56,903",48.5,"14,061","75,898","25,600","108,197","53,098","20,713",39.01,855,"11,602,549","4,579",475,"20,257",8.07,8.5,11.84,14.99,13.97,12.64,14.23,9.92,5.84,52.87,39.06,"49,067"
107,ナゴヤドーム前矢田,"21,216","127,619","62,174",48.72,"14,556","83,350","27,526","123,473","59,771","25,255",42.25,"1,032","12,875,412","5,908",605,"23,024",7.72,8.11,12.48,15.27,13.81,12.76,14.29,9.9,5.67,51.84,40.6,"58,889"
108,大曽根,"36,334","129,813","63,209",48.69,"14,530","84,413","28,561","129,600","62,282","27,515",44.18,"1,115","13,876,068","6,853",709,"21,342",7.56,7.94,12.26,15.25,13.85,12.76,14.43,10.17,5.78,52.56,40,"65,850"
109,平安通,"10,313","130,414","63,121",48.4,"14,649","84,143","29,450","129,692","62,140","26,928",43.33,"1,139","14,007,180","7,236",740,"17,153",7.61,7.89,11.88,15.14,13.78,12.78,14.51,10.46,5.96,51.8,41.18,"69,695"
110,志賀本通,"11,528","138,555","66,819",48.23,"15,411","88,983","32,051","139,781","65,992","28,461",43.13,"1,173","13,309,507","7,945",804,"16,412",7.58,7.69,11.57,15.01,13.8,12.89,14.55,10.81,6.09,50.3,42.97,"76,651"
111,黒川,"26,899","131,948","64,212",48.66,"14,517","84,078","31,692","142,300","61,989","26,349",42.51,"1,224","12,277,967","8,279",834,"13,989",7.5,7.64,11.33,14.83,13.82,12.73,14.47,11.29,6.37,48.86,44.36,"82,735"
112,名城公園,"9,693","121,731","58,806",48.31,"12,451","77,715","28,728","194,336","59,960","28,485",47.51,"1,464","14,680,944","11,809","1,091","15,547",6.99,7.33,11.92,15.04,14.26,12.65,14.17,11.09,6.55,53.21,40.92,"138,686"
113,市役所,"40,714","103,124","49,653",48.15,"9,261","65,729","22,934","394,094","56,090","31,709",56.53,"2,805","61,644,971","23,287","2,179","22,180",6.32,6.78,13.07,15.71,14.73,12.55,13.6,10.58,6.66,69.02,27.56,"341,572"
114,久屋大通,"46,935","101,835","48,906",48.02,"7,762","64,685","20,268","454,263","61,304","39,840",64.99,"3,571","83,282,548","26,838","2,567","22,864",5.7,6.31,14.95,16.36,14.89,12.61,13.16,9.61,6.41,72.81,23.94,"405,440"
115,栄,"143,379","105,460","50,668",48.04,"7,615","67,411","20,086","455,564","64,958","43,375",66.77,"3,571","81,257,200","27,076","2,607","22,259",5.51,6.22,15.84,16.65,14.78,12.58,13,9.28,6.13,73.45,23.07,"408,033"
116,矢場町,"62,113","114,009","55,080",48.31,"8,046","73,184","21,446","436,374","70,577","47,173",66.84,"3,545","80,126,823","26,770","2,600","23,133",5.44,6.08,16.66,16.68,14.37,12.59,13.01,9.25,5.93,73,23.13,"386,681"
117,上前津,"43,461","109,832","53,571",48.78,"8,015","70,280","21,487","395,106","66,727","43,418",65.07,"3,430","79,684,034","24,242","2,436","20,699",5.59,5.91,16.6,16.36,13.87,12.62,13.43,9.62,6,73.15,23.21,"347,445"
118,東別院,"13,217","114,483","55,822",48.76,"9,471","74,066","23,108","242,862","65,101","38,892",59.74,"2,606","57,475,587","15,091","1,510","18,157",6.1,6.42,15.61,16.16,13.83,12.68,13.57,9.69,5.95,69.92,25.02,"194,674"
119,金山,"147,874","117,025","56,962",48.68,"10,869","76,152","24,557","174,254","61,684","32,857",53.27,"1,851","26,438,229","11,121","1,092","13,785",6.57,7.01,14.32,15.76,13.78,12.77,13.98,9.92,5.89,61.64,32.2,"127,445"
120,日比野,"16,341","104,475","51,668",49.45,"11,302","67,764","23,576","135,478","49,413","21,912",44.34,"1,115","16,065,234","7,655",704,"13,455",7.31,7.76,12.63,15.17,13.52,12.7,14.38,10.43,6.1,53.72,38.21,"88,842"
121,六番町,"13,725","96,413","48,038",49.83,"10,906","62,419","22,303","102,920","43,257","17,356",40.12,764,"11,729,125","5,339",491,"11,935",7.5,8.37,12.64,14.53,13.13,12.56,14.5,10.64,6.15,46.2,42.28,"58,815"
122,東海通,"13,923","94,709","47,078",49.71,"11,113","61,096","22,049","93,288","41,123","15,463",37.6,673,"10,259,404","4,143",429,"10,311",7.66,8.78,12.16,13.96,13.28,12.72,14.58,10.64,6.22,46.36,43.98,"49,593"
123,港区役所,"6,862","80,312","39,989",49.79,"9,605","51,813","18,657","91,158","34,558","12,677",36.68,643,"10,523,237","3,669",423,"8,537",7.8,8.81,12.2,13.69,13.16,12.85,14.83,10.64,6.01,48.21,43.7,"53,574"
124,築地口,"10,173","57,796","28,994",50.17,"7,155","37,664","12,889","71,581","24,599","8,804",35.79,512,"8,724,286","2,760",333,"5,744",8.06,8.94,12.63,13.8,13.26,12.95,14.48,10.33,5.55,50.59,41.41,"45,038"
125,名古屋港,"10,658","37,453","18,874",50.39,"4,858","24,497","8,064","55,147","15,681","5,385",34.34,365,"6,873,626","1,991",236,"4,845",8.4,9.27,12.44,14.01,13.43,12.93,14.29,10.01,5.22,52.6,39.73,"36,920"
126,上小田井,"17,020","67,342","33,905",50.35,"10,169","44,103","12,491","62,893","28,182","9,456",33.55,452,"7,386,245","3,711",298,"7,461",10.24,9.51,11.48,18.23,15.05,10.07,12.93,8.91,3.57,47.79,38.05,"34,565"
127,庄内緑地公園,"7,717","90,319","45,025",49.85,"12,517","59,048","17,908","77,384","39,276","14,288",36.38,590,"9,684,250","4,257",370,"10,201",9.32,9.22,11.21,16.87,15.01,11.26,13.37,9.39,4.34,48.64,42.03,"38,526"
128,庄内通,"12,797","108,869","53,702",49.33,"12,854","69,847","24,974","95,922","49,190","19,540",39.72,853,"9,880,356","5,978",572,"11,197",8,8.14,11.31,15.41,14.18,12.21,14.07,10.86,5.82,47.83,44.31,"48,364"
129,浄心,"13,636","111,215","54,485",48.99,"11,310","70,737","27,206","147,134","53,753","24,803",46.14,"1,226","11,900,351","8,707",770,"14,507",6.87,7.47,12.18,14.65,13.86,12.51,14.22,11.63,6.61,49.84,43.88,"95,440"
130,浅間町,"9,333","99,724","49,168",49.3,"9,154","63,362","23,909","353,158","51,377","27,017",52.59,"2,084","50,528,235","19,081","1,661","20,178",6.27,7.18,13.29,14.83,13.96,12.3,13.82,11.44,6.91,58.16,37.19,"301,422"
131,丸の内,"35,877","92,749","45,430",48.98,"6,752","59,679","18,603","508,029","56,249","36,905",65.61,"3,794","104,730,987","28,459","2,717","25,117",5.37,6.17,15.75,16.38,14.64,12.57,13.16,9.79,6.16,72.32,24.93,"459,549"
132,伏見,"57,605","93,635","46,024",49.15,"6,537","60,355","18,528","512,316","57,396","38,196",66.55,"3,870","106,717,855","28,653","2,732","24,446",5.27,6,16.5,16.59,14.27,12.46,13.09,9.65,6.17,72.4,24.88,"465,183"
133,大須観音,"17,155","104,751","51,229",48.91,"7,675","66,956","20,628","485,391","63,524","41,171",64.81,"3,796","104,300,210","28,055","2,706","21,644",5.6,5.89,16.07,16.49,13.96,12.76,13.51,9.65,6.08,72.37,24.68,"438,336"
134,上前津,"27,251","109,832","53,571",48.78,"8,015","70,280","21,487","395,106","66,727","43,418",65.07,"3,430","79,684,034","24,242","2,436","20,699",5.59,5.91,16.6,16.36,13.87,12.62,13.43,9.62,6,73.15,23.21,"347,445"
135,鶴舞,"25,334","121,722","58,830",48.33,"9,392","77,686","24,803","330,265","71,655","45,187",63.06,"3,281","76,158,698","20,519","2,144","26,707",5.78,6.5,16.19,15.89,13.66,12.43,13.26,9.85,6.44,72.3,23.35,"271,825"
136,荒畑,"8,809","130,546","63,441",48.6,"11,851","84,348","28,064","173,401","71,273","40,507",56.83,"1,612","22,072,688","10,489","1,053","27,200",6.48,7.08,15.46,15.45,13.55,12.06,13.3,10.03,6.59,56.7,35.11,"108,030"
137,御器所,"21,200","131,152","64,686",49.32,"12,970","85,863","28,309","145,458","68,744","36,938",53.73,"1,458","15,164,421","8,581",849,"32,462",6.76,7.81,15.37,14.91,13.75,11.9,13.14,9.93,6.44,54.05,38.48,"73,048"
138,川名,"10,068","125,372","62,118",49.55,"13,901","83,363","25,135","139,402","64,444","33,440",51.89,"1,106","10,127,101","5,994",619,"49,987",7.49,8.64,15.72,14.73,14.33,11.77,12.18,9.09,6.04,55.97,38.16,"50,641"
139,いりなか,"14,133","106,031","52,488",49.5,"12,720","70,436","20,541","121,178","52,615","25,552",48.56,857,"9,207,649","4,247",497,"48,864",8.01,9.34,15.22,14.28,14.66,11.93,12.07,8.79,5.7,54.73,39.32,"39,417"
140,八事,"33,348","89,580","45,119",50.37,"11,074","60,207","16,300","115,715","43,503","20,875",47.99,655,"7,957,653","3,237",407,"56,103",8.21,10.02,15.37,14.26,14.74,12.07,12.05,8.22,5.05,54.05,36.95,"32,207"
141,塩釜口,"24,500","97,855","49,461",50.55,"13,566","66,947","15,387","99,782","45,431","20,222",44.51,665,"9,822,367","3,562",385,"34,973",9.29,10.43,14.45,16.19,15.75,11.71,11.03,7.24,3.92,47.67,38.2,"35,309"
142,植田,"17,031","102,260","51,476",50.34,"14,300","69,919","16,112","93,517","46,952","20,435",43.52,624,"8,938,363","3,622",354,"29,654",9.31,10.63,14.49,16.46,15.69,11.42,10.97,7.35,3.67,44.71,40.22,"32,933"
143,原,"18,947","98,561","49,147",49.86,"14,210","67,075","15,693","81,058","44,245","18,004",40.69,626,"9,048,968","3,343",320,"21,094",9.63,10.61,13.92,16.83,15.77,11.19,10.93,7.4,3.73,45.85,39.78,"29,508"
144,平針,"15,531","82,008","40,463",49.34,"12,743","55,186","13,017","61,991","34,983","12,462",35.62,452,"7,192,625","2,625",241,"12,205",10.61,10.43,12.67,17.41,15.94,11.02,10.85,7.19,3.88,44.91,40.27,"24,285"
145,赤池,"23,749","59,938","29,728",49.6,"9,768","39,456","10,071","45,460","24,815","8,193",33.02,313,"6,081,521","1,913",158,"7,869",11.35,9.98,12.11,18.12,15.13,10.27,11.52,7.4,4.12,45.05,36.42,"19,057"
146,金山,"147,874","117,025","56,962",48.68,"10,869","76,152","24,557","174,254","61,684","32,857",53.27,"1,851","26,438,229","11,121","1,092","13,785",6.57,7.01,14.32,15.76,13.78,12.77,13.98,9.92,5.89,61.64,32.2,"127,445"
147,西高蔵,"6,257","109,995","53,986",49.08,"11,126","71,404","24,852","156,671","53,598","24,883",46.43,"1,278","19,651,142","8,807",847,"17,021",6.91,7.42,12.97,15.18,13.52,12.85,14.41,10.38,6.35,54.62,37.87,"105,518"
148,神宮西,"8,019","107,117","53,162",49.63,"11,183","69,089","25,403","150,744","50,644","22,422",44.27,"1,212","18,852,977","7,896",778,"17,514",7.02,7.65,12.35,14.71,13.3,12.78,14.76,10.64,6.8,54.95,37.95,"98,173"
149,伝馬町,"13,788","110,026","54,592",49.62,"12,041","70,160","26,775","129,797","50,265","20,712",41.21,"1,082","14,229,677","6,465",662,"14,855",7.1,8.2,11.67,14.1,13.2,12.84,15.22,10.91,6.76,54.9,38.72,"77,377"
150,堀田,"14,232","117,263","58,109",49.55,"12,835","74,585","28,678","120,543","53,232","21,737",40.83,"1,163","12,338,184","6,756",687,"13,841",7.11,8.23,11.74,14.06,13.04,12.78,15.26,11.02,6.76,53.14,40.07,"65,974"
151,妙音通,"3,622","121,814","60,098",49.34,"13,858","77,879","28,885","119,794","55,279","22,281",40.31,"1,068","10,439,334","6,424",638,"18,821",7.45,8.32,11.69,14.5,13.43,12.6,14.78,10.69,6.53,50.75,42.51,"58,743"
152,新瑞橋,"25,712","119,707","58,665",49.01,"14,012","76,193","28,361","114,178","53,896","21,210",39.35,"1,024","9,919,661","5,946",573,"21,841",7.67,8.47,11.55,14.59,13.62,12.36,14.47,10.69,6.58,49.8,43.75,"50,543"
153,名古屋大学,"21,148","88,546","44,070",49.77,"10,600","59,814","15,994","108,362","45,475","23,406",51.47,676,"8,499,647","3,335",362,"48,512",8.17,9.19,16.07,14.92,15,11.65,11.58,8.31,5.13,59.62,34.91,"33,159"
154,自由ヶ丘,"13,872","111,834","53,432",47.78,"14,102","72,522","23,350","92,023","52,522","21,630",41.18,756,"8,782,236","3,715",408,"24,144",8.52,8.78,11.91,14.94,14.6,12.56,13.43,9.71,5.55,57.54,36.51,"31,349"
155,茶屋ヶ坂,"13,129","112,123","54,111",48.26,"14,063","72,006","24,576","96,180","49,754","18,371",36.92,725,"10,070,055","3,580",401,"22,291",8.42,8.78,11.28,14.81,14.15,12.61,14.03,10.03,5.89,53.66,38.9,"36,289"
156,八事日赤,"12,918","88,845","44,949",50.59,"10,408","60,072","16,145","114,714","44,960","23,206",51.61,646,"6,908,686","3,054",370,"55,611",7.89,9.68,16.59,14.2,14.55,11.82,11.78,8.23,5.26,56.97,36.38,"32,243"
157,名古屋大学,"21,148","88,546","44,070",49.77,"10,600","59,814","15,994","108,362","45,475","23,406",51.47,676,"8,499,647","3,335",362,"48,512",8.17,9.19,16.07,14.92,15,11.65,11.58,8.31,5.13,59.62,34.91,"33,159"
158,本山,"28,989","99,845","48,995",49.07,"11,608","65,744","20,104","105,399","51,143","25,859",50.56,748,"8,007,221","3,956",428,"39,296",7.89,8.77,14.89,14.67,14.72,11.73,12.2,9.32,5.81,58.69,37.03,"34,980"
159,自由ヶ丘,"13,872","111,834","53,432",47.78,"14,102","72,522","23,350","92,023","52,522","21,630",41.18,756,"8,782,236","3,715",408,"24,144",8.52,8.78,11.91,14.94,14.6,12.56,13.43,9.71,5.55,57.54,36.51,"31,349"
160,茶屋ヶ坂,"13,129","112,123","54,111",48.26,"14,063","72,006","24,576","96,180","49,754","18,371",36.92,725,"10,070,055","3,580",401,"22,291",8.42,8.78,11.28,14.81,14.15,12.61,14.03,10.03,5.89,53.66,38.9,"36,289"
161,砂田橋,"14,259","117,323","56,903",48.5,"14,061","75,898","25,600","108,197","53,098","20,713",39.01,855,"11,602,549","4,579",475,"20,257",8.07,8.5,11.84,14.99,13.97,12.64,14.23,9.92,5.84,52.87,39.06,"49,067"
162,中村区役所,"10,664","115,500","58,501",50.65,"9,885","74,087","28,187","257,379","61,795","34,407",55.68,"1,836","43,439,942","13,460","1,294","20,996",5.78,7,14.56,14.81,13.05,11.93,14.59,11.69,6.59,54.19,40.52,"199,014"
163,名古屋,"94,668","108,246","54,258",50.12,"8,645","69,469","25,416","356,889","60,316","35,656",59.12,"2,248","54,676,648","19,606","1,787","21,879",5.53,6.73,15.28,15.15,13.29,12.02,13.99,11.25,6.76,57.87,37.72,"302,599"
164,国際センター,"10,936","95,436","47,564",49.84,"7,468","61,597","20,944","449,277","54,900","33,791",61.55,"3,246","85,446,889","24,816","2,302","22,943",5.55,6.66,15.76,15.61,13.73,12.11,13.49,10.6,6.48,68.02,28.96,"400,046"
165,丸の内,"11,441","92,749","45,430",48.98,"6,752","59,679","18,603","508,029","56,249","36,905",65.61,"3,794","104,730,987","28,459","2,717","25,117",5.37,6.17,15.75,16.38,14.64,12.57,13.16,9.79,6.16,72.32,24.93,"459,549"
166,久屋大通,"17,721","101,835","48,906",48.02,"7,762","64,685","20,268","454,263","61,304","39,840",64.99,"3,571","83,282,548","26,838","2,567","22,864",5.7,6.31,14.95,16.36,14.89,12.61,13.16,9.61,6.41,72.81,23.94,"405,440"
167,高岳,"15,553","108,657","52,164",48.01,"8,941","69,336","22,017","397,596","63,449","39,609",62.43,"3,231","74,394,471","24,101","2,429","25,015",6.08,6.62,14.53,16.26,14.77,12.43,13.3,9.76,6.26,72.36,23.86,"343,513"
168,車道,"13,425","134,729","65,679",48.75,"12,119","88,093","27,283","242,715","75,731","44,942",59.34,"2,236","36,331,924","15,448","1,738","31,088",6.43,7.07,14.59,15.99,14.65,12.61,13,9.53,6.13,64.27,30.46,"174,767"
169,今池,"24,203","139,036","68,215",49.06,"13,180","90,936","29,120","175,297","75,666","42,879",56.67,"1,621","17,832,200","11,367","1,250","31,647",6.62,7.46,14.57,15.54,14.29,12.43,13,9.74,6.34,57.99,35.16,"103,646"
170,吹上,"13,679","141,783","70,142",49.47,"12,659","92,699","29,744","173,934","79,290","46,806",59.03,"1,627","18,759,908","11,771","1,266","25,453",6.31,7.24,15.89,15.34,13.94,12.12,12.92,9.85,6.38,55.19,37.06,"107,901"
171,御器所,"10,149","131,152","64,686",49.32,"12,970","85,863","28,309","145,458","68,744","36,938",53.73,"1,458","15,164,421","8,581",849,"32,462",6.76,7.81,15.37,14.91,13.75,11.9,13.14,9.93,6.44,54.05,38.48,"73,048"
172,桜山,"22,896","120,821","58,444",48.37,"13,279","77,985","27,418","136,491","58,793","27,435",46.66,"1,277","14,069,816","7,215",700,"33,356",7.35,8.14,13.54,14.6,13.83,12.02,13.5,10.26,6.76,52.08,40.96,"63,495"
173,瑞穂区役所,"14,478","119,994","57,812",48.18,"13,828","77,265","27,331","126,724","56,517","24,401",43.17,"1,217","12,382,087","6,763",698,"26,536",7.61,8.35,12.48,14.59,13.94,12.37,13.79,10.23,6.63,52.01,42.15,"60,119"
174,瑞穂運動場,"6,570","121,361","58,859",48.5,"14,048","77,689","28,342","119,194","55,710","22,735",40.81,"1,138","10,002,506","6,189",624,"23,800",7.61,8.36,11.93,14.53,13.72,12.45,14.23,10.5,6.67,51.41,43.23,"53,914"
175,新瑞橋,"14,945","119,707","58,665",49.01,"14,012","76,193","28,361","114,178","53,896","21,210",39.35,"1,024","9,919,661","5,946",573,"21,841",7.67,8.47,11.55,14.59,13.62,12.36,14.47,10.69,6.58,49.8,43.75,"50,543"
176,桜本町,"7,426","111,553","55,302",49.57,"13,050","71,383","26,056","103,786","49,210","18,641",37.88,936,"10,520,031","5,816",573,"12,059",7.74,8.42,11.65,14.81,13.48,12.45,14.74,10.63,6.08,48.93,41.88,"52,955"
177,鶴里,"5,588","109,946","54,599",49.66,"13,243","70,525","25,163","91,390","47,322","16,470",34.8,828,"9,984,046","5,100",476,"11,129",8,8.55,11.17,15.02,13.55,12.56,15.08,10.51,5.55,49.28,40.34,"41,697"
178,野並,"13,492","99,446","49,369",49.64,"13,174","63,583","21,871","76,730","41,446","12,765",30.8,639,"9,682,660","3,857",352,"10,645",8.89,8.97,10.55,15.37,13.89,12.3,14.88,10.22,4.94,47.42,40.22,"30,979"
179,豊橋,"34,079","67,933","33,574",49.42,"8,949","42,750","15,318","78,350","28,233","9,949",35.24,"1,239","12,828,435","5,663",455,"8,462",8.72,9.18,10.78,14.52,13.77,12.63,13.56,10.39,6.45,55.45,35.27,"47,219"
180,伊奈,"2,390","32,352","16,009",49.48,"4,597","20,500","7,101","24,924","11,375","2,415",21.23,224,"2,438,349","1,124",68,"3,032",9.39,9.67,10.48,14.56,12.99,12.6,15.19,9.86,5.26,42.41,41.52,"10,657"
181,小田渕,433,"30,871","15,375",49.8,"4,592","19,941","6,173","27,112","11,129","2,567",23.07,186,"1,714,083","1,198",73,"2,956",9.83,9.98,10.89,15.36,13.42,12.2,14.77,9.12,4.42,43.55,40.86,"14,030"
182,国府,"9,454","26,563","12,999",48.94,"4,132","17,035","5,302","21,101","9,622","2,138",22.22,174,"1,485,880",868,65,"4,055",10.34,10.09,11.42,15.49,12.97,11.95,14.28,8.67,4.81,43.68,45.4,"8,247"
183,御油,606,"23,861","11,673",48.92,"3,847","15,179","4,752","18,121","8,646","1,918",22.18,169,"1,385,833",722,53,"4,085",10.72,10.33,10.83,15.71,13.23,11.66,14.01,8.6,4.91,40.24,46.15,"6,320"
184,名電赤坂,965,"13,505","6,657",49.29,"2,274","8,453","2,748","10,944","4,625",747,16.15,68,"833,123",332,19,"1,155",10.85,11.12,9.03,15.47,13.45,11.34,16.02,8.44,4.29,29.41,50,"5,279"
185,名電長沢,465,"4,230","2,111",49.91,771,"2,587",866,"3,103","1,362",167,12.26,16,"259,382",74,1,408,11.27,11.46,8.03,15.11,13.62,11.32,16.15,8.67,4.38,12.5,62.5,"1,248"
186,本宿,"5,145","9,514","4,716",49.57,"1,453","5,841","2,198","8,759","3,356",668,19.9,52,"311,123",259,13,"2,344",9.93,10.65,9.8,13.54,12.21,12.55,16.07,10.7,4.55,42.31,44.23,"2,893"
187,名電山中,992,"8,918","4,453",49.93,"1,169","5,600","2,126","8,641","3,092",623,20.15,58,"362,724",269,15,"1,370",8.42,10.01,10.85,12.87,12.21,13.37,16.28,10.68,5.32,39.66,48.28,"4,132"
188,藤川,"4,388","10,764","5,516",51.24,"1,331","7,176","2,246","15,068","3,813",958,25.12,36,"306,493",269,13,"4,446",8,9.65,13.1,12.75,12.86,14.84,14.19,9.26,5.34,33.33,55.56,"6,971"
189,美合,"7,392","35,715","18,170",50.87,"5,469","23,969","6,155","29,221","13,133","3,508",26.71,209,"2,491,883","1,216",96,"4,707",9.99,11.14,12.47,15.24,14.5,12.39,12.58,7.53,4.15,35.41,46.41,"13,791"
190,男川,"3,020","58,734","29,386",50.03,"8,944","38,984","10,516","55,025","22,623","6,576",29.07,520,"10,759,677","2,397",207,"11,073",9.96,10.84,12.05,15.48,14.58,12.26,12.21,7.83,4.79,48.08,34.62,"25,625"
191,東岡崎,"36,658","66,699","32,966",49.43,"9,074","42,816","14,482","79,847","26,886","8,397",31.23,978,"11,844,142","4,464",391,"12,561",8.91,9.48,11.23,14.57,13.71,12.59,13.69,9.65,6.15,57.46,33.95,"45,095"
192,岡崎公園前,"3,072","55,608","27,724",49.86,"7,576","36,291","11,458","68,511","22,600","7,328",32.42,813,"8,650,750","3,921",335,"8,722",8.89,9.51,12.03,14.85,13.96,12.48,13.43,9.28,5.57,57.07,34.69,"41,635"
193,矢作橋,"6,027","47,938","24,397",50.89,"7,084","32,543","8,099","41,737","18,557","5,486",29.56,373,"6,705,597","1,919",163,"7,874",9.91,10.11,13.5,16.11,13.81,12.3,12.88,7.48,3.9,45.84,37.53,"19,313"
194,宇頭,"2,888","28,613","14,961",52.29,"4,292","19,267","4,906","24,062","10,825","3,202",29.58,124,"2,578,299",882,58,"3,909",10.05,10.29,13.37,16.48,13.69,11.78,13.01,7.7,3.63,33.87,36.29,"11,200"
195,新安城,"18,353","51,550","26,814",52.02,"9,045","34,753","7,373","39,489","20,404","6,419",31.46,267,"4,136,940","1,439",131,"4,655",11.77,10.97,12.77,17.86,15.66,10.59,10.75,6.9,2.73,43.07,40.82,"19,569"
196,牛田,"3,554","49,950","26,049",52.15,"7,826","33,470","8,399","41,715","20,395","7,126",34.94,376,"4,367,627","1,680",127,"7,187",10.42,10.18,13.26,16.97,14.81,10.94,11.83,7.78,3.82,53.99,32.71,"19,142"
197,知立,"30,628","51,611","27,280",52.86,"8,096","34,865","8,388","50,603","21,159","7,547",35.67,491,"6,589,284","2,107",172,"7,818",10.71,9.85,13.83,17.68,14.82,10.37,11.61,7.49,3.64,53.77,33.4,"27,078"
198,一ツ木,"2,537","48,335","25,786",53.35,"7,722","33,265","7,063","60,768","19,942","7,338",36.8,364,"5,606,921","1,885",166,"5,842",10.87,10.31,15.08,17.93,14.81,10.37,10.77,6.75,3.11,45.05,37.09,"40,677"
199,富士松,"2,395","27,097","14,303",52.78,"4,247","18,309","4,401","36,854","10,843","3,825",35.28,137,"2,534,388",979,71,"4,002",10.22,10.58,14.51,17.22,14.24,10.58,11.71,7.57,3.38,38.69,40.15,"24,920"
200,豊明,"4,008","38,350","19,515",50.89,"5,653","25,215","7,325","35,147","15,158","4,586",30.25,311,"4,735,597","1,715",141,"4,477",9.6,10.31,12.93,16.08,13.85,10.85,13.68,9.06,3.64,48.55,33.76,"18,773"
201,前後,"19,539","55,199","27,828",50.41,"7,842","36,021","11,117","47,812","21,892","6,394",29.21,341,"4,066,643","1,915",167,"8,729",9.28,9.93,11.94,15.81,13.75,11.32,14.8,9.28,3.89,46.92,37.83,"20,691"
202,中京競馬場前,"8,950","75,272","37,446",49.75,"11,599","48,832","14,511","49,794","28,855","7,411",25.68,329,"3,207,889","1,691",126,"10,449",10.45,9.89,11.13,16.32,14.08,11.32,14,8.8,4.01,47.72,44.07,"14,840"
203,有松,"13,041","78,679","39,133",49.74,"12,269","51,367","14,638","54,421","29,963","7,334",24.48,400,"4,177,344","2,131",199,"9,893",10.57,10.11,11.09,16.25,14.36,11.66,13.55,8.51,3.92,46.25,43.25,"19,312"
204,左京山,"3,921","78,796","38,947",49.43,"11,450","51,095","15,775","59,463","30,653","7,857",25.63,473,"4,728,038","2,650",228,"10,429",9.79,9.58,11.42,15.87,13.88,11.92,13.74,9.06,4.74,52.64,37,"22,916"
205,鳴海,"17,636","78,283","39,045",49.88,"11,066","50,775","15,883","66,532","31,116","8,346",26.82,526,"7,561,162","3,382",279,"9,241",9.41,9.54,11.19,15.49,13.88,12.3,14.37,9.31,4.51,50.76,34.6,"30,607"
206,本星崎,"3,699","82,412","41,731",50.64,"10,156","52,423","19,037","83,716","34,973","11,958",34.19,619,"9,510,223","4,328",365,"9,386",8.16,8.69,11.42,14.47,13.15,12.58,15.42,10.67,5.45,51.37,33.93,"44,805"
207,本笠寺,"4,424","101,319","51,144",50.48,"12,114","64,424","23,779","96,741","43,862","15,779",35.97,769,"11,251,695","4,941",456,"11,479",7.84,8.61,11.31,14.46,13.18,12.7,15.35,10.79,5.76,48.5,39.4,"48,981"
208,桜,"3,010","108,109","53,985",49.94,"12,705","69,172","25,207","104,329","47,525","17,911",37.69,891,"10,526,579","5,654",551,"12,185",7.78,8.39,11.67,14.8,13.39,12.47,14.88,10.63,5.98,48.48,41.86,"54,426"
209,呼続,"2,051","121,681","60,163",49.44,"13,955","77,729","28,819","116,194","54,858","21,895",39.91,"1,055","10,545,881","6,347",635,"15,382",7.52,8.34,11.65,14.53,13.4,12.59,14.82,10.69,6.46,50.62,42.27,"58,434"
210,堀田,"13,092","113,973","56,374",49.46,"12,390","72,776","27,646","125,992","52,381","21,745",41.51,"1,192","12,509,005","6,852",701,"17,255",7.09,8.18,11.87,14.19,13.21,12.7,15.07,10.9,6.8,54.11,39.68,"69,972"
211,神宮前,"30,064","107,979","53,346",49.4,"11,586","69,285","25,912","143,929","50,154","21,306",42.48,"1,162","17,033,743","7,198",714,"21,590",7.09,7.95,12,14.37,13.35,12.77,14.86,10.74,6.86,54.04,38.47,"86,283"
212,金山,"148,639","115,028","56,057",48.73,"10,939","74,877","24,165","168,376","59,910","31,379",52.38,"1,710","24,892,317","10,629","1,026","13,234",6.71,7.11,14.15,15.85,13.74,12.72,13.93,9.92,5.88,60.82,32.75,"122,444"
213,
214,名鉄名古屋,"269,431","104,907","52,555",50.1,"8,340","67,458","24,086","383,370","59,075","35,462",60.03,"2,441","60,178,078","21,397","1,970","22,139",5.55,6.73,15.48,15.33,13.41,12.01,13.79,11.02,6.68,60.34,35.6,"330,662"
215,栄生,"10,032","106,031","52,816",49.81,"9,612","67,817","26,187","194,126","53,913","27,755",51.48,"1,636","36,694,283","10,519","1,005","21,187",6.14,7.2,14.01,14.76,13.09,11.91,14.35,11.75,6.78,53,41.63,"138,661"
216,東枇杷島,"5,582","94,698","47,174",49.82,"9,931","60,563","22,682","99,225","44,728","20,028",44.78,886,"9,198,139","5,731",508,"14,477",7.06,7.74,13.02,14.98,13.19,12.12,14.23,11.41,6.24,47.52,43.91,"53,435"
217,西枇杷島,877,"76,936","38,358",49.86,"9,289","49,025","17,799","72,890","33,599","12,783",38.05,598,"5,881,777","3,836",314,"9,251",8.21,8.16,12.02,15.51,13.23,11.95,14.1,11.01,5.82,45.99,44.48,"37,881"
218,二ツ杁,"2,574","67,792","33,843",49.92,"8,460","43,161","15,513","59,605","29,003","10,596",36.53,504,"4,400,815","3,149",251,"6,605",8.47,8.3,11.98,15.89,13.11,11.65,14.05,10.94,5.61,45.83,44.05,"30,348"
219,新川橋,455,"61,220","30,596",49.98,"8,131","39,097","13,519","51,879","25,014","8,149",32.58,368,"2,922,168","2,463",190,"5,975",9.03,8.64,11.64,16.17,13.1,11.53,14.3,10.55,5.03,44.29,45.11,"25,208"
220,須ケ口,"7,656","56,712","28,239",49.79,"8,221","36,559","11,618","46,682","22,126","6,288",28.42,377,"3,298,156","2,233",191,"5,144",10.01,8.9,11.36,17.14,13.23,11.2,14.09,9.64,4.43,45.89,44.56,"22,678"
221,丸ノ内,857,"54,595","27,119",49.67,"8,171","35,304","10,820","44,698","21,069","5,824",27.64,374,"3,031,878","2,128",173,"5,839",10.47,8.89,11.44,17.57,13.34,11.04,13.64,9.22,4.38,47.06,44.65,"21,162"
222,新清洲,"7,629","46,688","23,147",49.58,"6,941","30,113","9,390","35,562","17,916","4,760",26.57,330,"3,308,223","1,736",154,"4,901",10.15,9.24,11.18,17.08,13.57,11.05,14.12,9.34,4.29,46.36,44.85,"15,532"
223,大里,"3,644","34,200","16,970",49.62,"5,090","21,582","7,469","29,838","12,319","2,583",20.97,228,"2,981,996","1,183",115,"2,485",9.92,9.71,10.64,15.73,13.16,11.23,15.16,9.89,4.56,47.81,41.67,"15,831"
224,奥田,"2,106","36,326","18,124",49.89,"4,972","23,111","8,241","37,215","13,765","3,585",26.04,237,"2,476,361","1,347",141,"4,689",8.59,9.81,11.23,14.73,13.37,11.59,15.64,10.16,4.87,48.95,40.08,"19,296"
225,国府宮,"21,433","50,206","25,025",49.84,"7,471","33,584","9,150","42,366","19,536","5,486",28.08,350,"4,291,420","1,782",183,"8,218",9.91,9.95,11.85,17.11,14.24,11.67,12.9,8.32,4.07,49.71,39.71,"17,822"
226,島氏永,"1,658","39,361","19,575",49.73,"6,037","26,331","6,893","29,533","14,803","3,739",25.26,207,"3,997,850","1,284",123,"5,080",10.2,10.33,11.46,17,14.1,11.67,14,7.79,3.45,43.96,41.06,"11,763"
227,妙興寺,"1,884","61,513","30,006",48.78,"8,991","40,314","11,807","54,758","24,367","6,962",28.57,662,"9,923,348","3,469",393,"7,247",9.75,9.83,11.01,16.33,14.55,11.81,13.6,8.89,4.24,53.63,36.4,"27,536"
228,名鉄一宮,"33,120","83,129","40,161",48.31,"12,210","53,310","16,951","78,830","33,145","9,829",29.65,"1,014","13,959,016","4,863",523,"11,359",9.61,10.09,10.43,15.37,15.05,11.78,13.22,9.63,4.82,56.41,34.71,"39,966"
229,今伊勢,"2,401","67,034","32,696",48.78,"10,261","43,157","13,085","54,480","25,655","6,890",26.86,535,"6,584,361","2,947",253,"7,965",10.02,10.34,10.71,15.66,14.68,11.59,13.62,9.27,4.12,53.46,34.58,"24,713"
230,石刀,"2,373","55,360","27,116",48.98,"8,705","35,487","10,781","39,025","20,083","4,492",22.37,287,"4,032,608","1,858",153,"4,553",10.3,10.52,10.58,15.91,14.15,11.34,14.18,9.11,3.91,44.95,36.93,"16,423"
231,新木曽川,"5,324","45,409","22,069",48.6,"6,777","28,707","9,564","33,455","16,067","3,240",20.17,369,"5,358,959","1,935",195,"3,570",9.75,10.23,10.36,15.37,13.73,11.67,14.55,9.84,4.5,60.43,29.54,"15,085"
232,黒田,"1,757","36,567","17,755",48.55,"5,316","22,673","8,318","28,776","12,671","2,437",19.23,349,"4,891,454","1,724",165,"3,938",9.53,9.96,9.7,14.93,13.48,11.73,14.95,10.66,5.05,62.75,28.08,"12,500"
233,木曽川堤,567,"34,466","16,221",47.06,"4,682","21,361","8,259","28,171","12,076","2,665",22.07,332,"3,541,908","1,711",144,"2,865",8.94,9.22,10.24,15.05,13.11,11.74,14.95,11,5.75,57.23,31.93,"12,668"
234,国府,"9,454","26,563","12,999",48.94,"4,132","17,035","5,302","21,101","9,622","2,138",22.22,174,"1,485,880",868,65,"4,055",10.34,10.09,11.42,15.49,12.97,11.95,14.28,8.67,4.81,43.68,45.4,"8,247"
235,八幡,"1,541","32,098","16,107",50.18,"5,001","20,882","6,043","33,245","12,068","3,184",26.38,253,"2,623,381","1,498",116,"3,773",10.45,10.15,11.54,16.23,13.33,11.73,13.9,8.26,4.4,47.04,39.13,"19,041"
236,諏訪町,"4,088","51,492","26,022",50.54,"7,807","33,458","9,896","52,755","19,629","5,620",28.63,606,"7,092,771","2,648",217,"6,985",10.16,10.33,11.69,15.7,13.64,11.71,13.53,8.68,4.58,49.83,38.12,"28,757"
237,稲荷口,832,"46,401","22,963",49.49,"6,714","29,373","10,036","47,581","17,603","4,869",27.66,738,"8,479,854","2,736",233,"7,136",9.56,10.14,10.48,14.51,13.61,12.2,14.15,9.7,5.66,51.63,35.37,"24,237"
238,豊川稲荷,"4,485","41,450","20,526",49.52,"6,191","26,402","8,599","41,371","15,621","4,232",27.09,612,"7,337,956","2,385",201,"5,982",9.87,10.36,10.52,14.83,13.85,12.08,13.76,9.29,5.44,48.2,34.97,"21,318"
239,新安城,"18,353","51,550","26,814",52.02,"9,045","34,753","7,373","39,489","20,404","6,419",31.46,267,"4,136,940","1,439",131,"4,655",11.77,10.97,12.77,17.86,15.66,10.59,10.75,6.9,2.73,43.07,40.82,"19,569"
240,北安城,946,"49,047","24,803",50.57,"7,944","32,792","8,046","43,987","19,185","5,751",29.98,499,"6,036,186","2,300",218,"8,004",10.92,10.5,11.98,16.94,15.56,11.25,11.5,7.5,3.85,57.11,30.66,"21,479"
241,南安城,"3,863","47,966","24,131",50.31,"7,644","31,923","8,134","43,833","18,629","5,544",29.76,479,"4,590,306","2,235",212,"9,725",10.79,10.41,11.94,16.61,15.27,11.36,11.86,7.73,4.03,56.58,32.57,"19,600"
242,碧海古井,938,"31,496","15,907",50.5,"5,044","20,820","5,471","23,608","11,624","3,157",27.16,223,"2,162,792","1,100",99,"4,238",10.59,10.91,12,15.85,14.76,11.28,12.65,8.12,3.84,52.91,36.77,"9,385"
243,堀内公園,427,"23,045","11,583",50.26,"3,693","15,088","4,154","17,457","8,222","2,095",25.48,175,"1,455,253",649,51,"4,491",10.68,10.61,12.1,15.87,13.55,11.25,13.55,8.37,4.02,48,41.14,"5,536"
244,桜井,"4,066","20,259","10,196",50.33,"3,128","13,112","3,943","19,481","6,987","1,681",24.06,163,"1,328,764",606,48,"3,247",10.33,10.32,11.66,15.75,13.12,11.5,13.69,8.78,4.86,49.08,38.65,"9,683"
245,米津,"1,534","21,552","10,972",50.91,"3,328","14,289","3,901","24,451","7,582","1,952",25.75,160,"1,944,366",860,50,"3,110",10.06,10.73,12.1,15.78,13.89,12.18,13.05,7.83,4.37,38.75,34.38,"14,716"
246,桜町前,"2,684","36,026","18,037",50.07,"5,552","23,227","7,169","34,317","13,097","3,701",28.26,537,"6,106,835","2,090",160,"4,840",10.16,10.02,12.04,15.91,13.64,11.41,12.67,8.62,5.53,54,33.52,"18,045"
247,西尾口,328,"39,812","19,930",50.06,"6,268","25,780","7,671","41,196","14,470","3,985",27.54,671,"7,870,161","2,519",214,"6,380",10.38,10.13,12.36,15.93,13.75,11.31,12.44,8.38,5.32,56.63,32.34,"22,366"
248,西尾,"9,424","39,038","19,607",50.23,"6,186","25,357","7,399","39,916","14,150","3,864",27.31,674,"7,730,502","2,487",219,"5,609",10.42,10.28,12.45,16.01,13.7,11.23,12.4,8.37,5.14,56.23,33.23,"22,058"
249,福地,843,"17,274","8,734",50.56,"2,752","11,188","3,300","13,689","5,705","1,188",20.82,142,"1,626,386",805,64,"1,584",10.38,10.96,11,15.11,13.98,11.75,13.27,8.41,5.14,44.37,35.92,"6,593"
250,
251,上横須賀,"1,205","11,000","5,440",49.45,"1,578","6,933","2,486","9,528","3,410",620,18.18,101,"574,853",458,19,"1,116",9.44,10,10.71,13.88,12.66,12.71,14.11,9.93,6.57,48.51,33.66,"4,367"
252,
253,吉良吉田,"2,558","9,868","4,944",50.1,"1,532","6,098","2,239","8,168","2,976",408,13.71,119,"943,970",500,29,"1,423",10.24,10.26,9.36,14.15,12.45,12.87,14.36,10.1,6.21,47.9,41.18,"3,257"
254,吉良吉田,"2,558","9,868","4,944",50.1,"1,532","6,098","2,239","8,168","2,976",408,13.71,119,"943,970",500,29,"1,423",10.24,10.26,9.36,14.15,12.45,12.87,14.36,10.1,6.21,47.9,41.18,"3,257"
255,三河鳥羽,312,"7,137","3,468",48.59,900,"4,319","1,912","5,554","2,196",308,14.03,78,"362,868",368,13,571,7.81,9.62,9,12.31,11.93,13.31,16.22,11.72,8.06,37.18,41.03,"2,354"
256,西幡豆,652,"8,166","4,002",49.01,"1,125","5,018","2,024","5,917","2,523",340,13.48,84,"417,813",393,7,849,8.57,10.26,9.28,12.52,12.5,13.12,15.85,11.08,6.82,39.29,42.86,"2,247"
257,東幡豆,432,"5,714","2,790",48.83,782,"3,576","1,355","4,320","1,718",220,12.81,51,"197,625",299,11,664,8.45,10.27,9.73,11.85,13.02,14.25,15.14,10.76,6.51,45.1,41.18,"1,781"
258,こどもの国,147,"11,021","5,352",48.56,"1,242","6,716","3,059","7,837","3,530",510,14.45,105,"400,722",600,21,726,7,9.19,9.86,10.81,12.07,14.22,17,12.44,7.4,47.62,42.86,"3,201"
259,西浦,987,"16,336","7,943",48.62,"1,985","9,870","4,465","11,881","5,313",812,15.28,179,"904,799",820,30,"1,556",7.37,9.77,9.69,10.92,12.62,13.62,16.24,12.48,7.28,45.81,44.13,"4,568"
260,形原,889,"20,390","9,920",48.65,"2,752","12,364","5,245","15,095","6,639","1,052",15.85,201,"1,727,395",944,38,"1,993",8.5,10.06,9.59,12.36,12.65,12.73,15.58,11.55,6.98,44.78,44.28,"6,067"
261,三河鹿島,465,"19,543","9,595",49.1,"2,892","12,008","4,607","18,239","6,518","1,303",19.99,167,"1,937,329",911,48,"2,213",9.46,10.58,10.04,13.67,13.2,11.61,14.52,10.48,6.43,37.13,43.71,"9,579"
262,蒲郡競艇場前,286,"17,751","8,937",50.35,"2,347","11,249","4,001","20,271","6,610","1,964",29.71,194,"2,716,365","1,049",70,"2,614",8.83,9.88,12.21,14.17,13.24,11.46,14.19,10.31,5.72,38.14,38.66,"12,074"
263,蒲郡,"2,680","30,813","15,199",49.33,"4,127","19,239","7,275","32,299","11,471","3,098",27.01,458,"4,672,927","2,175",159,"3,666",8.84,9.52,11.2,13.77,13.44,11.82,14.41,10.88,6.11,47.38,40.61,"18,617"
264,吉良吉田,"2,558","9,868","4,944",50.1,"1,532","6,098","2,239","8,168","2,976",408,13.71,119,"943,970",500,29,"1,423",10.24,10.26,9.36,14.15,12.45,12.87,14.36,10.1,6.21,47.9,41.18,"3,257"
265,
